,channel,subs,title,views,date,like,hate,review,hashtag1,hashtag2,hashtag3
1,프레이 TV,519000,[LOL] 프레이 트리스타나 : 캐리? 보여줄게_200714 PraY Tristana,188045,2020. 7. 28,854,49,167,,,
2,프레이 TV,519000,[LOL] 프레이 마오카이 : 춘봉박 마오카이 서폿은 내가 원조다_200714 PraY Maokai,166955,2020. 7. 27,849,47,252,,,
3,프레이 TV,519000,[6월] 마린 형님이라고 봐주는 거 없습니다,181674,2020. 7. 27,1094,28,260,,,
4,프레이 TV,519000,[LOL] 프레이 루시안 : 루시안은 절대 침착을 들어야합니다_200707 PraY Lucian,268158,2020. 7. 13,914,82,270,,,
5,프레이 TV,519000,[LOL] 프레이 케이틀린 : 운명의 서포터를 만났습니다_200707 PraY Caitlyn,305329,2020. 7. 12,1131,87,163,,,
6,프레이 TV,519000,[LOL] 프레이 카이사 : 생방 2만명이 보는 앞에서 캐리해버리는 남자_200707 PraY Kai'sa,453320,2020. 7. 9,1469,126,237,,,
7,프레이 TV,519000,[LOL] 프레이 바루스 : 10.14패치로 너프 먹기 전 마지막 포킹바루스의 모습_200702 PraY Varus,211566,2020. 7. 8,670,54,118,,,
8,프레이 TV,519000,[LOL] 프레이 바드 : 서폿할때 가장 행복한 사람_200702 PraY Bard,209575,2020. 7. 8,819,62,166,,,
9,프레이 TV,519000,[LOL] 프레이 자야 : 감히 날 자극해? 봉.인.해.제_200630 PraY Xayah,319875,2020. 7. 6,1270,104,196,,,
10,프레이 TV,519000,[LOL] 프레이 코그모 : 16렙을 바라보는 원딜계의 카사딘..?_200630 PraY Kog'Maw,361512,2020. 7. 5,1262,112,221,,,
11,프레이 TV,519000,[LOL] 프레이 칼리스타 : 다이아 주의보! 프레이 칼리스타 등장_200627 PraY Kalista,213688,2020. 7. 3,910,78,163,,,
12,프레이 TV,519000,[LOL] 프레이 판테온 : 재밌는 서폿 찾았다! 스파르타!!!!!_200627 PraY Pantheon,409287,2020. 7. 3,1164,112,307,,,
13,프레이 TV,519000,[LOL] 프레이 시비르 : 프레이 앰비션 밥벌레듀오! 나한테 킬을?? 감당할 수 있겠어?ㅋ_200623 PraY Sivir,246525,2020. 7. 1,984,71,236,,,
14,프레이 TV,519000,[LOL] 프레이 애쉬 : 아니 이게 LPL식 솔랭..?_200619 PraY Ashe,264542,2020. 7. 1,964,48,201,,,
15,프레이 TV,519000,[LOL] 프레이 이즈리얼 : 아 ㅋㅋ 진짜 솔랭 개꿀잼이다 ㅋㅋㅋㅋ_200619 PraY Ezreal,323053,2020. 6. 29,1317,107,187,,,
16,프레이 TV,519000,[LOL] 프레이 애쉬 : 마스터 오자마자 챌린저들한테 신고식 받기_200616 PraY Ashe,439508,2020. 6. 28,1218,82,165,,,
17,프레이 TV,519000,[LOL] 롤 레전드들이 뭉쳤다! 현상금을 걸고 서로 싸워라 하이눈 대결투!,208093,2020. 6. 27,1339,44,260,앰비션,매드라이프,울프
18,프레이 TV,519000,[LOL] 프레이 칼리스타 : 아무리 오래 안해도 마스터쯤이야_200616 PraY Kalista,292002,2020. 6. 24,1108,86,224,,,
19,프레이 TV,519000,[LOL] 프레이 제라스 : 프레이 호진 듀오! 제라스 벨코즈로 적 바텀 박살내기_200613 PraY Xerath,284388,2020. 6. 23,1350,96,176,,,
20,프레이 TV,519000,[LOL] 각자 잘하는거 들고오는 시청자들 1대1로 박살내기,463788,2020. 6. 21,2485,94,316,,,
21,양팡 YangPang,254000,동생이 오랜만에 집에 왔네요,566668,2020. 7. 29,15440,181,1409,,,
22,양팡 YangPang,254000,부산 욕쟁이 할매랑 술 배틀 붙었습니다.,737628,2020. 7. 28,17142,237,1277,,,
23,양팡 YangPang,254000,소금이 할머니의 하루,995230,2020. 7. 26,21733,378,1454,,,
24,양팡 YangPang,254000,라비..라비..(심쿵),1110082,2020. 7. 25,28370,400,3644,,,
25,양팡 YangPang,254000,서울에 간 언니가..술먹고 전화가 왔다..,1040809,2020. 7. 24,22656,298,1419,,,
26,양팡 YangPang,254000,소금이 때문에 엄마랑 싸웠습니다.,904612,2020. 7. 23,19980,385,1497,,,
27,양팡 YangPang,254000,언니 가지마ㅠㅠ,1418110,2020. 7. 22,26499,469,1739,,,
28,양팡 YangPang,254000,언니에 대해서 드릴 말씀이 있어요,1259240,2020. 7. 21,28089,528,3248,,,
29,양팡 YangPang,254000,소금이 엄마의 하루,1406734,2020. 7. 19,29669,498,2141,,,
30,양팡 YangPang,254000,강아지 교육 시키려다 나만 혼났다...,1107882,2020. 7. 18,27937,284,1794,,,
31,양팡 YangPang,254000,저희 집 새로운 가족을 소개합니다.,1534133,2020. 7. 17,42224,457,4681,,,
32,양팡 YangPang,254000,당신은 오늘 떡볶이가 땡긴다! (응급실떡볶이 부상맛 + 닭껍질 튀김 + 치즈 추가) 먹방,1080570,2020. 7. 16,24494,409,2819,,,
33,양팡 YangPang,254000,어머..존잘..,959177,2020. 7. 15,23235,265,2003,,,
34,양팡 YangPang,254000,양팡남매를 울려버린 극악의 매운맛 라면 먹방,850332,2020. 7. 14,18485,297,1190,,,
35,양팡 YangPang,254000,영지야 널 위한 밥상을 준비했어ㅎㅎ,2325345,2020. 7. 12,54266,707,3208,,,
36,양팡 YangPang,254000,나는 이영지(19),2160368,2020. 7. 11,65892,584,4809,,,
37,양팡 YangPang,254000,블랙핑크 로제 메이크업 커버를 해보았다.. ㄷㄷ,671548,2020. 7. 10,18194,444,19714,,,
38,양팡 YangPang,254000,가수 솔지님 일일 매니저 하고 왔어요,1787075,2020. 7. 9,35957,641,2615,솔지,,
39,양팡 YangPang,254000,얘를 대체 어떻게 키우신걸까..,785215,2020. 7. 8,16384,212,1001,,,
40,양팡 YangPang,254000,하앙 너무 귀여워 ♥,740424,2020. 7. 7,24489,253,1717,,,
41,tzuyang쯔양,268000,욕지도에서도 놀라시네요.. 숨은 골목맛집에 가봤습니다. 자연산 전복라면성게비빔밥전복죽 먹방 Korean mukbang eating show,939236,2020. 7. 29,20096,430,1798,욕지도,맛집,쯔양
42,tzuyang쯔양,268000,오늘은 간식이네요.. 솥뚜껑 김치 삼겹살에 볶음밥 치트키 먹방 Korean mukbang eating show,1335353,2020. 7. 27,24916,613,2349,솥뚜껑삼겹살,볶음밥,쯔양
43,tzuyang쯔양,268000,이런건 처음해봐요..;낚시하다가 8Kg 여름방어 만남 부시리와 국수 먹방 Korean mukbang eating show,626551,2020. 7. 24,12286,395,1150,욕지도,부시리,쯔양
44,tzuyang쯔양,268000,좀더 구울걸 그랬어요.. 솥뚜껑 군만두 7봉지 먹방 Korean mukbang eating show,1207284,2020. 7. 22,21233,559,1733,풀무원,풀무원얇은피꽉찬교자,쯔양
45,tzuyang쯔양,268000,문어떡볶이 20인분?! 문어 직접 잡았습니다..솥뚜껑에 문어튀김이 들어간 떡볶이 먹방! Korean mukbang eating show,1041483,2020. 7. 21,22035,587,1435,문어,떡볶이,쯔양
46,tzuyang쯔양,268000,욕지2탄)이사기념 솥뚜껑 짜파게티 직접만든 탕수육 10인분 먹방! 고기파티 초대받았습니다. Korean mukbang eating show,2250614,2020. 7. 19,38397,12,2830,탕수육,짜장라면,쯔양
47,tzuyang쯔양,268000,이사한 집 공개합니다.. 오션뷰오픈카? 이사한집에서 라면 먹방 Korean mukbang eating show,1455341,2020. 7. 18,21899,519,1948,통영,욕지도,쯔양
48,tzuyang쯔양,268000,혼자선 못먹는다던 사장님 봐주세요.. 왕문어와 시원한 물회 먹방(Feat.고성)Korean mukbang eating show,1565988,2020. 7. 16,27050,705,1860,문어,물회,쯔양
49,tzuyang쯔양,268000,넷플릭스에도 나온 광장시장 맛집? 즉석떡볶이칼국수샌드위치 먹방(Feat.넷플릭스) Korean mukbang eating show,840545,2020. 7. 14,18773,487,965,넷플릭스추천,마이넷플리스트,넷플릭스
50,tzuyang쯔양,268000,왜 저만보면 다들 놀라세요.. 많이 먹을때 사람들 반응모음ㅋㅋㅋ Korean mukbang eating show,632135,2020. 7. 13,14091,238,904,사장님,반응,쯔양
51,tzuyang쯔양,268000,육회+비빔면 육빔면? 꿀맛조합ㅜㅜ 비빔면8봉지와 육회 1kg 먹방 Korean mukbang eating show,994431,2020. 7. 11,22155,570,1678,육회,비빔면,쯔양
52,tzuyang쯔양,268000,핵맛있음ㅠㅠ 곱창떡볶이 18인분! 사리만 12번 추가..? 곱창떡볶이볶음밥 먹방 Korean mukbang eating show,1905471,2020. 7. 9,36635,884,1817,곱스떡스,곱창떡볶이,먹방
53,tzuyang쯔양,268000,여러분들이 원하시던 건강검진 결과입니다.. 대식가의 위크기?콜레스테롤? Korean mukbang eating show,1043783,2020. 7. 8,19234,352,2280,건강검진,위크기,쯔양
54,tzuyang쯔양,268000,유해어종이 이렇게 맛있다구요? 멸종시킬 각.. (Feat.진석기님) 배스 먹방 Korean mukbang eating show,1432813,2020. 7. 6,20950,439,2876,배스,낚시,진석기시대
55,tzuyang쯔양,268000,18시간 굶고 회전초밥 먹으러 갔더니..회전초밥 먹방 Korean mukbang eating show,2267257,2020. 7. 3,45467,13,3640,회전초밥,쯔양,
56,tzuyang쯔양,268000,소곱창 18인분 먹었더니 옆커플 경악.. 30년 전통 소곱창 통으로 먹방! Korean mukbang eating show,2255456,2020. 7. 1,39443,861,2228,소곱창,쯔양,먹방
57,tzuyang쯔양,268000,7분안에 통삼겹 1.5kg 도전?! 1등은 100만원.. 모자라서 항정살꽃살토마호크 까지 먹방 Korean mukbang eating show,1048783,2020. 6. 29,21090,432,1510,,,
58,tzuyang쯔양,268000,리얼 시네마먹방 : 닭짜,163415,2020. 6. 27,5106,262,756,60계치킨,치킨,
59,tzuyang쯔양,268000,세상에서 제일 매운라면?! 먹다가 저승갈뻔.. 불마왕라면 짜장라면 먹방Korean mukbang eating show,1071885,2020. 6. 26,18328,586,1538,,,
60,tzuyang쯔양,268000,43년 전통 줄서서먹는 물쫄면?! 조금 먹었는데 손님들 반응이... Korean mukbang eating show,1904936,2020. 6. 24,31709,892,1952,,,
61,문복희 Eat with Boki,462000,SUB)후루트링 첵스파맛 첵스초코 콘푸로스트 시리얼 먹방! 비요뜨 에너지바까지 리얼사운드 Cornflake Cereal yogurt mukbang ASMR,678482,2020. 7. 29,26660,651,2282,이것은,첵스맛파인가,파맛첵스인가
62,문복희 Eat with Boki,462000,SUB)살살 녹는 두툼한 동파육에 고기볶음밥 먹방 ! 짬뽕국물까지 리얼사운드 Dongpayuk gogibokkeumbab mukbang ASMR,1491412,2020. 7. 27,39167,1,2662,겨울오기전에,동파육먹고,동파방지하자육
63,문복희 Eat with Boki,462000,SUB)갈치조림 먹방 ! 살캉살캉 무조림에 흰쌀밥 비벼먹기 쏘야볶음 감자볶음 된장고추 콩나물국까지 리얼사운드 Galchijorim mukbang ASMR,1755388,2020. 7. 25,42228,13,2943,갈치조림사러가는데,길치라친구불러,갈치감
64,문복희 Eat with Boki,462000,SUB)비 오는 날 매콤한 오돌뼈에 감자전 꿀막걸리 먹방 ! (ft.해물파전&도토리묵) Pajeon Makgeolli mukbang ASMR,2257108,2020. 7. 23,55050,15,3198,비오는날오돌오돌떨지말고,오돌뼈에,전이나부시전
65,문복희 Eat with Boki,462000,SUB)짜파구리 먹방 불닭왕교자 매운왕교자에 파김치 겉절이까지 리얼사운드 Jjapaguri buldak mandoo mukbang ASMR,2712310,2020. 7. 21,72106,15,3645,자기전에,짜파게티에왕교자,먹교자
66,문복희 Eat with Boki,462000,SUB)버거킹 햄버거 먹방🍔 통새우와퍼 콰트로치즈 트러플머쉬룸와퍼에 치즈스틱 치킨너겟까지 리얼사운드 Hamburger mukbang nugget cheesestick ASMR,4709580,2020. 7. 19,113915,31,6543,원룸구하려는데,방있나요,머쉬룸
67,문복희 Eat with Boki,462000,SUB)꾸덕꾸덕 매콤한 두찜 로제찜닭 먹방🥘 왕새우튀김 주먹밥까지 리얼사운드 Spicy rose jjimdak mukbang ASMR,2487039,2020. 7. 17,64168,12,3093,두찜로제찜닭,뒤찜지고기다리다,노이로제걸리겠닭
68,문복희 Eat with Boki,462000,SUB)아삭아삭 콩나물불고기 먹방 ! 우동사리에 볶음밥까지 오삼콩불 리얼사운드 Kongnamul bulgogi mukbang ASMR,2052837,2020. 7. 15,48619,11,2359,콩불에오삼해놨삼,공부하다가배고프면,콩불때려치고오삼
69,문복희 Eat with Boki,462000,SUB)매콤알싸한 마라샹궈 먹방🔥 식감대장 파티 ! 꿔바로우 달걀볶음밥까지 리얼사운드 Maraxiangguo Guobaorou mukbang ASMR,1744745,2020. 7. 13,41905,985,2240,마라샹궈에,달걀볶음밥이싫어도,이미샹궈달댤볶지마라
70,문복희 Eat with Boki,462000,SUB)직접 만든 시원달달한 수박 화채 먹방 🍉 수박파티 수분 섭취 제대로 하는 날 ! Watermelon punch mukbang ASMR,2276346,2020. 7. 11,60601,15,3718,수박먹으려는데,화채먹자고보채,그럼먹을수박에
71,문복희 Eat with Boki,462000,SUB)치즈 두번 추가한 신참떡볶이 먹방 ! 순대꼬치 김말이 치즈스틱 오징어튀김 만두까지 사이드파티 리얼사운드 Cheese Tteokbokki mukbang ASMR,4386784,2020. 7. 9,93345,24,5099,이봐신참,달참예쁘게떴으니까,달참이나먹참
72,문복희 Eat with Boki,462000,SUB)신선한 해산물 가득 회덮밥에 냉짬뽕 먹방 ! 랍스타 왕새우 버터구이까지 리얼사운드 🦐🦞 Seafood rice lobster prawn mukbang ASMR,2862369,2020. 7. 7,60230,17,3255,이것은회덮밥인가,덮밥회인가,동창회인가
73,문복희 Eat with Boki,462000,SUB)크리스피 도넛에 공차 버블티 먹방🍩🥤 딸기라떼 수박주스까지 디저트 리얼사운드 Donut bubbletea dessert mukbang ASMR,2075137,2020. 7. 5,56141,14,3652,라떼는말이야,더울땐,딸기라떼
74,문복희 Eat with Boki,462000,SUB)치킨플러스 크리미어니언에 핫쵸킹 순살 치킨먹방🍗 직접 만든 라볶이까지 리얼사운드 Onion Chicken rabokki Mukbang ASMR,4371069,2020. 7. 3,105194,22,4975,치킨플러스,먹으려고,단추플러스
75,문복희 Eat with Boki,462000,SUB)푸짐한 집밥 먹방 제육볶음 돼지불고기 된장찌개 달걀말이까지 쌈밥 리얼사운드 Korean homemade food Jeyukbokkeum bulgogi mukbang ASMR,2790741,2020. 7. 1,60425,17,3799,우렁각시가차려준,우렁된장찌개먹고,나우렁
76,문복희 Eat with Boki,462000,SUB)치즈가득 꾸덕꾸덕 김치피자탕수육 먹방 ! 새우볶음밥 피자만두까지 꿀조합 리얼사운드 Kimchi pizza tangsuyuk mukbang ASMR,2548796,2020. 6. 29,61516,13,3450,김피탕,싫어하는사람있나,탕
77,문복희 Eat with Boki,462000,SUB)살얼음 동동 매콤 물냉면 먹방 ! (ft.연탄불고기) 육쌈냉면으로 여름나기💦 Spicy Naengmyeon Bulgogi Mukbang ASMR,1991739,2020. 6. 27,46119,12,2683,육쌈빌딩에서,육쌈냉면먹어봐쌈,더맛있쌈
78,문복희 Eat with Boki,462000,SUB)편의점 음식 2탄 ! 왕뚜껑 불닭쫄볶이 앵그리짜파구리 달고나우유 샌드위치까지 먹방 리얼사운드 convenience store food mukbang ASMR,6252242,2020. 6. 25,151533,34,7960,불닭쫄볶이가,그렇게맵닭해도,쫄면안돼
79,문복희 Eat with Boki,462000,SUB)바르다김선생 분식먹방 ! 치킨카레덮밥 비빔면 매운쌈닭김밥 갈비만두까지 리얼사운드 Chicken curry bibimmyeon gimbap mandoo mukbang ASMR,1850400,2020. 6. 23,45275,11,2832,펌하고왔는데,컬이마음에안들어서,치킨커리
80,문복희 Eat with Boki,462000,SUB)깍두기 가득 넣은 깍두기볶음밥에 킬바사소세지 먹방 ! 된장찌개까지 리얼사운드 cubed radish kimchi bokkeumbap & kilbasa mukbang ASMR,3722490,2020. 6. 21,80827,18,4971,깍두기,깍둑썰기로,깍듯하게모셔왔어요
81,봉길이 Bonggil,777000,ASMR “미고랭 라면”🍜 직접튀긴 양파튀김 미니핫도그먹방! Indomie Migoreng Noodles With Onion Ring🧅Mini Corn Dogs MuKBang!,142607,2020. 7. 28,6799,138,556,미고랭,양파튀김,핫도그
82,봉길이 Bonggil,777000,ASMR “무지개 디저트”🌈 노랑치즈케이크🧀무지개크레이프 달달구리뚱카룽 먹방! “Rainbow Dessert”🌈 Macaron Cheesecake Crape MuKBang~!,409290,2020. 7. 26,13021,529,797,크레이프,마카롱,디저트
83,봉길이 Bonggil,777000,ASMR “버거킹 와퍼”🍔 치즈감자치킨너겟 후라이드닭다리 먹방! “BURGER KING” Whopper Cheese Potato🧀 Chicken Nuggets MuKBang!,543359,2020. 7. 24,17320,605,860,햄버거,닭다리,치즈소스
84,봉길이 Bonggil,777000,ASMR 티라미수 파티🥳 티라미수파티팩🥮 마카롱 M&m티라미수 티라미수케이크먹방~!! Tiramisu Party Tiramisu Cake Party Pack MuKbang~!!,341779,2020. 7. 22,13416,344,813,투썸,티라미수,파티팩
85,봉길이 Bonggil,777000,ASMR “패션 5” 조각케이크🍰 타르트 에끌레어 컵티라미슈 먹방~!! Piece Cake 🍰 Tart Eclair Cup Tiramisu MuKBang~!!,304450,2020. 7. 17,11647,297,686,디저트,맛집,봉길이
86,봉길이 Bonggil,777000,ASMR 직접튀겨 망한 모짜렐라치즈튀김🧀자메이카통다리구이 뿌링소떡 먹방~!Fried Mozzarella Cheese Chicken Legs Spicy Noodle MuKBang!,438235,2020. 7. 15,14734,383,633,자메이카,소떡소떡,Chicken
87,봉길이 Bonggil,777000,ASMR “망원동 티라미수”🥮 부드럽고 촉촉한 7가지 티라미수 먹방~!! Soft And Moist Seven Tiramisu🥮 MuKBang~!!,289618,2020. 7. 13,12150,302,562,티라미수,디저트,Tiramisu
88,봉길이 Bonggil,777000,ASMR 우유에 빠진 메론케이크🍈와 메론아이스박스 마카롱 먹방~!! Melon Cake🍈 With Milk Melon Icebox MuKBang~!!,439744,2020. 7. 10,14814,450,629,메론,케이크,디저트
89,봉길이 Bonggil,777000,ASMR 쫀득쫀득한 떡과 달달구리 스모어딥 초코아이스크림 먹방~!! Rice Cake With S’MORES DIP Choco Ice Cream MuKBang~!!,281864,2020. 7. 8,9224,310,372,떡,스모어딥,초코아이스크림
90,봉길이 Bonggil,777000,ASMR 쵸코초코🍫초코파티🍩초콜릿디저트🍪먹방~!! Chocolate Party Chocolate Dessert MuKBang~!!,935324,2020. 7. 6,28398,1,1413,초코,초콜렛,초코파티
91,봉길이 Bonggil,777000,ASMR 시카고피자🍕트리플 치즈버거🍔해쉬브라운 먹방~!! Chicago Pizza With Hash Brown Cheese Buger MuKBang~!!,1131186,2020. 7. 3,31977,1,1152,피자,트리플치즈버거,치즈소스
92,봉길이 Bonggil,777000,ASMR “푸하하크림빵” 여러가지 크림빵 티라미수 생과일케이크 먹방~!! Fuhaha Cream Bread Tiramisu Fruit Cake MuKBang~!!,341207,2020. 7. 1,11475,254,455,크림빵,티라미수,디저트
93,봉길이 Bonggil,777000,ASMR “MADIU” 내가 좋아하는 크림케이크🎂 망고무스 마카롱 빵먹방~!! Cheese Cake Cream Cake Macaron Bread MuKbang~!!,433246,2020. 6. 29,14150,416,741,케익,디저트,cake
94,봉길이 Bonggil,777000,ASMR 항정살 삼겹살🥓 소고기🥩구이와 매콤한비빔면 먹방~!! PORK BEEF ROAST WITH SPICY NOODLES MuKbang~!!,152411,2020. 6. 27,5471,173,274,고기,비빔면,meat
95,봉길이 Bonggil,777000,ASMR 🍚도둑먹방! 양념치킨🍗 라면🍜 소세지메추리알꼬치🍢 통스팸🍖먹방~!! SWEET CHICKEN SPAM INSTANT NOODLES MuKBang~!!,223703,2020. 6. 25,7573,234,363,슈프림치킨,라면,통스팸
96,봉길이 Bonggil,777000,ASMR 내가 만든대왕 컵 케이크🧁컵 케이크파티 먹방~!! CUP CAKES PARTY MuKBang~!!,387412,2020. 6. 23,13015,395,595,케익,디저트,cake
97,봉길이 Bonggil,777000,ASMR BHC뿌링클 닭다리🍗치즈볼🧀핫도그🌭소떡소떡과 불닭볶음면먹방 SPICY NOODLES WITH CHICKEN LEG CHEESE BALL CORN DOG MuKBang,771111,2020. 6. 20,21362,541,673,뿌링클,치킨,불닭볶음면
98,봉길이 Bonggil,777000,ASMR 점점 더워지는날엔😅시원한 생과일빙수🍧메론빵 복숭아빵먹방~!! RAW FRUIT SHAVED ICE WITH MELON PEACH BREAD MuKBang~!!,257791,2020. 6. 18,8195,297,440,과일빙수,수박,메론
99,봉길이 Bonggil,777000,ASMR 메이플시럽🍁뿌린 코코아빵🥮생크림에찍은 아몬드스틱 누네띠네 뚱카롱찍먹방~!COCOA BREAD WITH 🍁SYRUP ALMOND STICK MACARON MuKbang,312741,2020. 6. 16,9517,300,499,마카롱,디저트,생크림
100,봉길이 Bonggil,777000,ASMR 일요일은 짜장면먹는날🥢크림통새우튀김볼 먹방~!!BLACK BEAN NOODLE WITH SHRIMP FRIED BALL MuKBang~!!,430027,2020. 6. 14,12917,344,531,짜장면,계란후라이,Jjajangmyeon
101,PONY Syndrome,572000,😈Punk Glam Character Cover Makeup! 펑키한 게임 캐릭터 커버 메이크업!,254280,2020. 7. 19,21432,129,767,plums,플럼스,TRANSLUCENT
102,PONY Syndrome,572000,🍍Day Getaway! + GRWM💦 짧은 휴캉스 + 옐로우 오렌지 메이크업!,414617,2020. 7. 13,19505,209,523,G35,에메랄드,
103,PONY Syndrome,572000,Instagram Live stream Make up 인스타 라방 메이크업,711541,2020. 7. 8,32756,217,669,,,
104,PONY Syndrome,572000,✨초여름 햇살을 머금은 글리터 메이크업 (with Eng sub) Early summer glitter makeup!,513072,2020. 6. 6,19594,252,618,SUGAR,슈가쿠키,MBP05
105,PONY Syndrome,572000,🎵새벽 추천곡 라이브 (흥얼거림 주의;) 200519 (반모) 인스타그램 라이브 @ponysmakeup Instagram Live,118508,2020. 5. 25,3838,123,255,,,
106,PONY Syndrome,572000,브이로그 에피소드.04 옷 10착장 촬영한 날👗 + 겟레디윗미 약간 포함! VLOG Ep 04: 10 Outfit Photoshoot Day + With a bit of GRWM!,257399,2020. 5. 13,9032,133,419,,,
107,PONY Syndrome,572000,🌙까만밤에 귀 기울여줘 널 위한 나의 환상극 Listen to the dark night my theatrical reverie for you.,413330,2020. 4. 26,24258,167,719,리플렉츠,,
108,PONY Syndrome,572000,😷마스크에 화장이 자꾸 묻어나면 이렇게 해보세요! (NO파데!) Non-smudging makeup while wearing a mask,1293633,2020. 4. 16,33711,434,801,,,
109,PONY Syndrome,572000,자존감을 높이려면 어떻게 해야 될까? 200312 (반모) 인스타그램 라이브 @ponysmakeup Instagram Live,203316,2020. 3. 29,4266,100,210,,,
110,PONY Syndrome,572000,포니의 스무디볼 만드는 방법! How to make PONY's smoothie bowl!,558739,2020. 3. 25,18387,152,641,,,
111,PONY Syndrome,572000,Putting Makeup Using ProCreate! 맨 얼굴 그리기부터 화장 입히기 까지 그림으로 그려보기!,355369,2020. 3. 18,17677,140,418,,,
112,PONY Syndrome,572000,Fresh Floral Makeup (With sub) 부드러운 연보라 빛의 프레쉬 플로럴 메이크업,905883,2020. 3. 16,36045,238,814,LIGHT,라이트,WEDGE
113,PONY Syndrome,572000,200312 인스타그램 라이브 (With 새벽) @ponysmakeup Instagram Live,103079,2020. 3. 14,1902,86,129,,,
114,PONY Syndrome,572000,[비버스] 메이크업 아티스트 포니 영상 프로필 (축하 인사),226065,2020. 3. 10,7791,187,237,,,
115,PONY Syndrome,572000,브이로그 에피소드.03 비비 만난 날 (feat.홈런볼) VLOG Ep 03 : Meeting up with BIBI,315994,2020. 3. 8,9575,100,412,,,
116,PONY Syndrome,572000,🌎PONY THE GLOBETROTTER + GRWM (With sub) L.A.,1294205,2020. 3. 2,47877,386,865,BROWN,브라운,
117,PONY Syndrome,572000,🍇Mellow Burgundy Makeup 멜로우 버건디 메이크업,1651620,2020. 2. 23,72629,566,1290,,,
118,PONY Syndrome,572000,Glowy Spring makeup 우아한 봄 메이크업,3534238,2020. 2. 18,141199,12,1741,MOOD,,
119,PONY Syndrome,572000,브이로그 에피소드.02 엘에이 출장 VLOG Ep 02: L.A. Trip,273100,2020. 2. 13,7934,149,393,,,
120,PONY Syndrome,572000,Disney's Frozen - Elsa Transformation 겨울왕국 엘사 커버 메이크업,1341493,2020. 1. 12,50706,829,1405,,,
121,와썹맨-Wassup Man,223000,(SUB) '황정민X이정재' 드루와~!영화 '다만 악에서 구하소서' 배우들과 먹방부터 소름돋는 명대사 재연까지?ㅣ와썹맨2ㅣ만나러와썹(Mukbang Feat. Movie Star),614737,2020. 7. 24,10517,161,2321,와썹맨2,박준형,다만악에서구하소서
122,와썹맨-Wassup Man,223000,(SUB) 백종원 선생님이 추천한 전집! 반백살이 다가 봄! 과연 방송에 나온 유명 전 맛집의실체는?!ㅣ와썹맨2(WassupMan2) ep.4ㅣ박준형,601508,2020. 7. 17,9448,183,844,와썹맨2,박준형,맛집
123,와썹맨-Wassup Man,223000,※텐션 주의※ 반백살X십세들과 콜라보? 요즘 애들이 노는법!! (셀카메이크업화장 SNS 웹예능)ㅣ와썹맨2(WassupMan2) ep.3ㅣ박준형,270340,2020. 7. 10,4599,1,1095,WassupMan2,JoonPark,selfie
124,와썹맨-Wassup Man,223000,(EN) 대학생 지갑 지켜주는 갓성비 신촌 맛집 추천 (JOON Finds The Best Cheap Eats In Sinchon)ㅣ와썹맨2(WassupMan2) ep.2ㅣ박준형,869996,2020. 7. 3,15946,292,1528,와썹맨2,박준형,신촌
125,와썹맨-Wassup Man,223000,(EN) 홍대 패션피플이 다 알려줌! 남친미 뿜뿜 신입생 개강룩부터 현실 사회생활 꿀팁까지ㅣ와썹맨2(WassupMan2) ep.1ㅣgod 박준형,384511,2020. 6. 26,8391,138,1125,와썹맨2,박준형,새내기룩
126,와썹맨-Wassup Man,223000,(EN) 파국으로 치닫는 반백살의 MBTI 검사부터 여사친이 나를 좋아하게 만드는 법쯤은 가뿐하게 기릿해버리는 고민 들어주러 와썹까지ㅣ와썹맨 ep.94ㅣ집콕놀이,217912,2020. 6. 12,5695,72,525,와썹맨,박준형,MBTI
127,와썹맨-Wassup Man,223000,(EN) 영앤리치 김재원 스승님께 배틀그라운드 꿀팁 전수받은 반백살!! 게임 내내 꼭지쓰만 보다 끝나는 쭈니형의 배린이 탈출기ㅣ와썹맨 ep.93ㅣ집콕놀이,293888,2020. 6. 5,6061,146,569,집에서함께해요,와썹맨,박준형
128,와썹맨-Wassup Man,223000,(EN) ⚡요즘 핫한거 다 해봄⚡'한소희 vs 김희애' 🔥쭈니형 분노유발🔥 두발 늦은 부부의 세계 찐 리액션부터 달고나 커피 천번 젓기까지ㅣ와썹맨 ep.92ㅣ집콕놀이,266817,2020. 5. 29,7637,101,481,집에서함께해요,와썹맨,박준형
129,와썹맨-Wassup Man,223000,(EN) 1일 3깡 리틀부라더 '비' vs 절권도 고인물 동생 '장혁' ... 반백살의 빤쓰를 공유받은 사람은...?!ㅣ와썹맨 ep.91ㅣ집콕놀이 홈트편,598975,2020. 5. 22,12108,221,948,집에서함께해요,와썹맨,박준형
130,와썹맨-Wassup Man,223000,"(ENG SUB) ""숨기려는 의도는 없었습니다. 하지만 상황이..."" 와썹맨의 고백",910474,2020. 4. 3,12892,337,2287,집에서함께해요,와썹맨,박준형
131,와썹맨-Wassup Man,223000,(ENG SUB)미국 LA에서 한입만?! 20년차 국밥빌런의 한인타운 K-설렁탕 먹방 + 할리우드 1000억짜리 저택 초간단 리뷰 | 와썹맨 | 미공개 하드털이 ep.3,761912,2020. 2. 11,10388,194,809,와썹맨,wassupman,박준형
132,와썹맨-Wassup Man,223000,(ENG SUB)제로콜라 외길 인생 40년!! 반백살의 절대미각 도전기 (코카콜라펩X콜라제로콜라) + 서핑보드 관리 꿀팁 대방출 | 와썹맨 | 미공개 하드털이 ep.2,689450,2020. 2. 1,9856,151,819,와썹맨,wassupman,박준형
133,와썹맨-Wassup Man,223000,(ENG SUB) 반백살의 직업 체험이 성공하지 못한 이유… 200만 구독자 이벤트 1등 당첨자 비하인드 | 와썹맨 | 미공개 하드털이 ep.1,677138,2020. 1. 15,10610,150,595,와썹맨,wassupman,박준형
134,와썹맨-Wassup Man,223000,(ENG SUB)2019년을 마무리하며.. 잠시 쉬어가려 합니다…! 서울을 내려다보며 전하는 반백살의 편지 l 와썹맨 ep.90 | god 박준형,722870,2019. 12. 27,16036,191,1956,와썹맨,wassupman,박준형
135,와썹맨-Wassup Man,223000,(ENG SUB) 연말 송년회하면 역시 XX이지! 역대급 인파에 촬영 중단할 뻔한 2019 연말 최고의 핫플레이스 리뷰 l 와썹맨 ep.89 | god 박준형,1010526,2019. 12. 20,14869,286,1198,와썹맨,wassupman,박준형
136,와썹맨-Wassup Man,223000,(ENG SUB)이번엔 찐이다! 작정하고 찍은 리얼 스페인 여행 브이로그 ✈(기생충/편의점/머랭/연어샌드위치/핸드메이드/문구점/버스킹) l 와썹맨 VLOG,719343,2019. 12. 13,9186,211,511,와썹맨,wassupman,박준형
137,와썹맨-Wassup Man,223000,(ENG SUB)※찐리액션 주의※ 바르셀로나 여행 성지 ‘보케리아 시장’ 맛은? 스페인 현지인이랑 케미 폭발한 솔직(?) 먹방 l 와썹맨 ep.88ㅣgod 박준형,1185274,2019. 12. 6,15584,304,1396,와썹맨,wassupman,박준형
138,와썹맨-Wassup Man,223000,(ENG SUB) 경주 진또배기가 추천하는 로컬 핫푸드는?! 반백살 당황시킨 역대급 투머치 먹방 대잔치 (배고픔 주의) l 와썹맨 ep.87ㅣgod 박준형,888767,2019. 11. 29,11274,244,1006,와썹맨,wassupman,박준형
139,와썹맨-Wassup Man,223000,(ENG SUB)★20억짜리 차 부셔먹은 리뷰★ 현대 i20 랠리카 초고성능 리뷰부터 드리프트 시연까지 WRC 선수와 직접 털어봐썹 | 와썹맨 | 까봐썹,793580,2019. 11. 27,11274,162,991,와썹맨,까봐썹,랠리카
140,와썹맨-Wassup Man,223000,(ENG SUB) 단소 브금에 취한 반백살의 ★감자탕 먹방★ 연극부터 버스킹까지 젊음의 성지 대학로에서 문찐 탈출 프로젝트 l 와썹맨 ep.86ㅣgod 박준형,691402,2019. 11. 22,9627,201,713,와썹맨,wassupman,박준형
141,김습습Double Soup,575000,평균 2300원!?? 💸악세사리 16개 하울 🦋/ 데일리템부터 포인트템 스크런치까지 / 알리익스프레스 _ Double Soup,50719,2020. 7. 25,1488,19,306,악세사리하울,알리익스프레스,스크런치추천
142,김습습Double Soup,575000,청담동 샵 아이돌 st 웨이브 안풀리는 고데기 방법 + 고데기 잘하는 팁 _ Double Soup,87077,2020. 7. 18,3325,26,214,미용실고데기,고데기웨이브,고데기오래가는법
143,김습습Double Soup,575000,GRWM 10분 완성! 꾸안꾸 청순 데일리 메이크업 같이 준비해요 + 회사 VLOG _ Double Soup,177046,2020. 7. 11,4271,43,388,10분메이크업,청순메이크업,노파데
144,김습습Double Soup,575000,VLOG. 드레스 투어 하는 날👰💖드레스투어 메이크업부터 헤어 팁까지 ! _ Double Soup,166352,2020. 7. 4,2866,47,425,드레스투어,웨딩드레스,드레스투어팁
145,김습습Double Soup,575000,요청폭발🔥요즘 피부가 좋아진 이유❓/ 좁쌀여드름 탈출기 / 탄력 고민 / 여드름 스킨케어 _ Double Soup,1356725,2020. 6. 27,36398,547,1683,여드름스킨케어,좁쌀여드름,피부좋아지는법
146,김습습Double Soup,575000,올로드샵! 💎보물💎국민템 메이크업 / 초보도 가능! 고급스러운 메이크업 _ Double Soup,146942,최초 공개: 2020. 6. 20,3617,30,476,올로드샵,국민템,메이크업
147,김습습Double Soup,575000,💕러블리힙 st 여름 패션 하울 💕학생 추천! 만원대 저렴이 부터 코디 꿀팁까지 / 인터넷 쇼핑 + 자라 + 로드샵 = 14 items _ Double Soup,111209,2020. 6. 13,2152,31,226,여름옷하울,패션꿀팁,러블리힙
148,김습습Double Soup,575000,GRWM 하이틴 스타일로 같이 준비해요💖 + 샤넬백 하울🛍 + 가로수길 VLOG _ Double Soup,98653,2020. 6. 6,2501,34,292,하이틴스타일,샤넬하울,같이준비해요
149,김습습Double Soup,575000,웜쿨 상관없는 섀도우 팔레트 5종 추천❤ 학생 추천 저렴이 多! 광고X _ Double Soup,168993,2020. 5. 30,4397,41,504,섀도우추천,섀도우팔레트,가성비
150,김습습Double Soup,575000,피부가 좋아보이는 투명 메이크업💧_ Double Soup,1572807,2020. 5. 23,62214,375,1126,메이크업,꿀팁,피부가좋아보이는
151,김습습Double Soup,575000,[다이어트]화보 촬영 전 일주일간 먹은 것들🍝 이케아 먹방 양념대창 간장게장 마라떡볶이 스시 오마카세 애프터눈티 육회비빔밥 충격의 김치볶음밥 _ Double Soup,75865,2020. 5. 16,1852,30,335,,,
152,김습습Double Soup,575000,잠들기 전까지! 편안한 나이트루틴🌙(+ 소소한 잠옷 하울 Z플립 솔직후기 책 추천) / Night Routine _ Double Soup,66583,2020. 5. 9,1533,17,118,나이트루틴,잠옷하울,책읽어주는여자
153,김습습Double Soup,575000,GRWM 초간단 쿨핑크 메이크업 같이 준비해요💞(+🧁애프터눈티 브이로그) / 미드추천 / 피어싱 솔직 후기 / 정신 없는 현실 겟레디🤣ㅋㅋㅋ _ Double Soup,74354,2020. 5. 2,1771,21,269,쿨톤데일리,초보메이크업,피어싱후기
154,김습습Double Soup,575000,💎보물💎 Vol.20 💖스파클링 피그(fig)🍹메이크업 / 잘하는 것 vs 좋아하는 것 _ Double Soup,112843,2020. 4. 25,2505,23,153,보물메이크업,고민상담,메이크업
155,김습습Double Soup,575000,25000원 이하 고퀄 저렴이 가방하울👜/ 중학생부터 대학생 30대도 괜찮아! / 소확행 / 미니백부터 쇼퍼백까지 7 items _ Double Soup,114407,2020. 4. 18,2791,43,191,저렴가방하울,소확행,인터넷쇼핑
156,김습습Double Soup,575000,GRWM 오랜만에 같이 준비해요! 너~~무 예쁜 색조합 ㅠㅠ 꼭 따라해 보세요♡ _ Doublesoup,250106,2020. 4. 11,6043,56,303,같이준비해요,봄메이크업,색조추천
157,김습습Double Soup,575000,VLOG🏡 집순이의 꽉찬! 하루 / 🦄Z플립 폰꾸미기 김습습표 떡라면과 홈카페 디저트 만들기 요즘 푹 빠진 스킨케어 추천 _ Double Soup,54121,2020. 4. 4,1090,23,145,갤럭시z플립,폰꾸미기,집순이브이로그
158,김습습Double Soup,575000,입생로랑 신상! 르땡 파운데이션 리뷰🧐(vs 헤라 글로우 파데) + 이벤트 _ Double Soup,51717,2020. 3. 29,1080,14,1200,입생로랑르땡파데,파데추천,지성파데추천
159,김습습Double Soup,575000,봄옷하울🌷데일리부터 특별한 날까지! 15 items / 인터넷 쇼핑몰 하울 / 저렴이 원피스 추천 / 1만원대 원피스부터 5만원대 아우터까지! / 봄캠퍼스룩,58565,2020. 3. 21,983,20,97,봄옷하울,인터넷쇼핑몰하울,저렴이원피스추천
160,김습습Double Soup,575000,요청폭주🔥깔끔 증명사진 메이크업 ♡ _ Double Soup,65586,2020. 3. 14,1793,16,148,증명사진메이크업,요청메이크업,증명사진꿀팁
161,도멘TV [DOTUBE],922000,도멘의 '미친플레이'를 중계하는 코미선과 점택용ㅋㅋㅋㅋㅋ,18209,2020. 7. 29,128,10,24,도재욱,리콜,점택
162,도멘TV [DOTUBE],922000,도그(?)를 노리는 도재욱의 친한 동생들;;,12086,2020. 7. 29,117,2,32,도재욱,도그,부종
163,도멘TV [DOTUBE],922000,팀원들과 불화 후 5대1로 이겨보겠습니다ㅋㅋ,10800,2020. 7. 28,138,31,166,도재욱,빨무,도튜브
164,도멘TV [DOTUBE],922000,나한테 테란붙이면 혼난다니까!!! | ASTL 4강 | 돈탐라 VS 차라리요 2세트 하이라이트,14040,2020. 7. 26,129,5,42,도재욱,사테,ASTL
165,도멘TV [DOTUBE],922000,이영호 아직 안나왔다고?? 우리도 도멘 남았다맄ㅋㅋㅋㅋㅋ,31508,2020. 7. 24,295,6,39,도재욱,이영호,이영호저격수
166,도멘TV [DOTUBE],922000,팀이 1대3으로 지고있는데;; 우서??? | ASTL 8강 | 돈탐라 VS 주식회사 중계진 하이라이트,21294,2020. 7. 21,211,10,30,도재욱,구성훈,ASTL
167,도멘TV [DOTUBE],922000,2주만에 복수의 기회를 잡은 도멘... 그런데?,15978,2020. 7. 19,121,5,27,도재욱,끝장전,이영호
168,도멘TV [DOTUBE],922000,손에 물 안묻히게 해줄게,45355,2020. 7. 16,466,5,92,도재욱,이뀨,
169,도멘TV [DOTUBE],922000,테란전 소문(?)듣고 중계진이 찾아왔습니다;;;,22608,2020. 7. 14,187,7,34,도재욱,테란전,중계진
170,도멘TV [DOTUBE],922000,이거 지면 T1향우회 탈락!? | ASTL 8강 | 돈탐라 VS G.E 하이라이트,15487,2020. 7. 12,131,2,17,도재욱,송병구,ASTL
171,도멘TV [DOTUBE],922000,도멘이 많이나오는게 당연(?)해진 해설자들ㅋㅋㅋㅋㅋ,20023,2020. 7. 12,189,8,34,도재욱,홍구,끝장전
172,도멘TV [DOTUBE],922000,왜 거기서 나와,45729,2020. 7. 8,394,10,74,도재욱,이뀨,오리
173,도멘TV [DOTUBE],922000,양팀의 1티어 에이스 맞대결!! | ASTL 8강 | 돈탐라 VS 리썬즈 2세트 하이라이트,15949,2020. 7. 5,87,1,51,도재욱,이재호,ASTL
174,도멘TV [DOTUBE],922000,이번엔 진짜라니까!!! 아무튼 진짜임..;;,32928,2020. 7. 4,281,11,54,도재욱,김택용,이영호
175,도멘TV [DOTUBE],922000,킹타판에 레전드(?) 유즈맵이 나왔습니다...,47038,2020. 7. 3,298,11,99,도재욱,흑운장,스타오브레전드
176,도멘TV [DOTUBE],922000,택갓록 6연패하자 테란전 개쩌는(?)친구 부르는 택신;;,64198,2020. 7. 1,378,14,154,도재욱,김택용,이영호
177,도멘TV [DOTUBE],922000,복수하러 왔다가 송병구법(?)에 걸린 이영호ㅋㅋㅋㅋㅋㅋㅋ,47803,2020. 6. 30,347,12,129,도재욱,이영호,송병구법
178,도멘TV [DOTUBE],922000,데뷔 14년만에 온 우주의기운(?)이 모인 프로토스;;,60308,2020. 6. 25,716,15,180,도재욱,택뱅범,프로토스
179,도멘TV [DOTUBE],922000,한부대씩 더나오는 도물량에 극대노(?)한 이영호ㅋㅋㅋㅋㅋㅋㅋㅋ,61708,2020. 6. 24,448,9,162,도재욱,이영호,극대노
180,도멘TV [DOTUBE],922000,1일 1갓,31848,2020. 6. 23,290,9,73,도재욱,이영호,1일1갓
181,양장피TV [Mandol Couple],814000,썸 탈때 안달나게 하는 3가지 방법! '이렇게만' 애태우면 내걸로 만들 수 있습니다,38176,2020. 7. 27,703,6,151,썸,애태우기,안달나게하기
182,양장피TV [Mandol Couple],814000,(몰카) 노출심한 옷 입고 남사친 만나러 간다고 했을때 남친반응은?ㅋㅋㅋ가위로 잘림 (Eng),125211,2020. 7. 24,1991,36,231,몰카,커플몰카,몰래카메라
183,양장피TV [Mandol Couple],814000,나를 좋아하는지 알 수 있는 2가지 신호! (여러분들이 헷갈리는 이유),46181,2020. 7. 21,768,10,130,썸,썸남,썸녀
184,양장피TV [Mandol Couple],814000,존예여친이 건달분장하고 데이트 나온다면 남친 반응은?ㅋㅋㅋㅋ,33497,2020. 7. 17,970,10,192,몰카,커플몰카,커플장난
185,양장피TV [Mandol Couple],814000,4분만에 연애하고 싶어지는 영상❤️ (유튜브 하기 전 우리의 모습들),34011,최초 공개: 2020. 7. 14,864,5,185,연애세포,연애,커플유튜버
186,양장피TV [Mandol Couple],814000,(SUB) 남친 손등에 클럽도장이 찍혀있다면 여자친구반응은..?ㅋㅋㅋㅋ채널 5분간 삭제됨,97005,2020. 7. 11,1835,37,255,몰카,커플몰카,몰래카메라
187,양장피TV [Mandol Couple],814000,조이님과의 관계 해명합니다..사실은..,51699,최초 공개: 2020. 7. 4,1048,36,284,커플유튜버,조이,커플브이로그
188,양장피TV [Mandol Couple],814000,1주년 기념 Q&A 여러분 1년동안 유튜브 하게 해주셔서 감사합니다💛,22924,2020. 6. 30,618,4,159,QnA,큐앤애이,커플유튜버
189,양장피TV [Mandol Couple],814000,17금 주의) 커플요가중 대참사...ㅋㅋㅋㅣWhat happened while doing couple yoga....,218391,2020. 6. 26,1947,52,192,커플요가,커플브이로그,커플유튜버
190,양장피TV [Mandol Couple],814000,라이브중 전남친이 사귈때 빌려간 200만원을 갚으라고 한다면..남친 반응은? (Eng),108671,2020. 6. 23,2032,23,236,몰카,몰래카메라,커플몰카
191,양장피TV [Mandol Couple],814000,내 애인을 이상형으로 코디해보기💛,47558,2020. 6. 21,540,2,131,커플유튜버,커플룩,데이트코디
192,양장피TV [Mandol Couple],814000,(설렘주의) 고민상담하다 답답해서 전화소개팅 해줘버리기ㅋㅋㅋ너무 빠른데..??,36441,2020. 6. 17,741,6,140,썸,소개팅,커플유튜버
193,양장피TV [Mandol Couple],814000,병원에 있는 줄 알았던 여친이 차에서 나온다면..반응은?ㅋㅋㅋㅋl Hiding in boyfriend's car,184474,2020. 6. 14,4275,41,331,몰카,커플몰카,몰래카메라
194,양장피TV [Mandol Couple],814000,(몰카)크리닉 하려던 여친 몰래 탈색시켜버리기ㅋㅋㅋ(Eng)Changing my girlfriend's hair color without girlfriend's knowing,97884,2020. 6. 11,1276,15,283,몰카,몰래카메라,커플몰카
195,양장피TV [Mandol Couple],814000,남친한테 다른여자 보여주고 심박수 올라가면 꼭x뜯기ㅋㅋㅋWill my boyfriend's heart rate go up by looking at another woman?,90112,2020. 6. 9,1160,29,253,커플,커플몰카,커플유튜버
196,양장피TV [Mandol Couple],814000,이 시국에 3년차 커플이 집에서 노는법 (달달함 주의) l How 3 year old couples play at home l,70654,2020. 6. 5,893,9,166,커플브이로그,집브이로그,집데이트
197,양장피TV [Mandol Couple],814000,남녀가 심쿵하는 데이트 코디 TOP5 !,54047,2020. 5. 31,635,14,244,데이트룩,데이트코디,심쿵포인트
198,양장피TV [Mandol Couple],814000,미남 미용사가 여자친구한테 계속 선 넘는 칭찬을 한다면? 진짜 경찰올뻔ㅋㅋl What if a hairdresser is flirting with a girlfriend?l,485520,2020. 5. 23,8231,233,559,몰카,몰래카메라,prank
199,양장피TV [Mandol Couple],814000,[만생근생] 이성에게 '성적 매력'을 느끼는 의외의 순간들! (얼굴을 커버해버리는 행동들),104895,2020. 5. 21,1001,25,173,색기있는행동,섹시한행동,썸
200,양장피TV [Mandol Couple],814000,[만생근생] 이성을 꼬시는 아주 간단한 공식 (남자여자의 방법은 다르다),85637,2020. 5. 18,1298,27,331,썸,썸남,썸녀
201,침착맨,73000,낭만과 사랑 가득한 '육중완 밴드' 초대석,67525,2020. 7. 29,1272,41,487,침착맨,육중완밴드,부산직할시
202,침착맨,73000,택배 언박싱 & 무협지 이야기 (고덕HUB 첫 개시),133828,2020. 7. 28,1788,30,407,침착맨,주호민,구음백골조
203,침착맨,73000,실버 솔랭에서 오더라는 것을 해봄,92947,2020. 7. 27,1169,20,344,침착맨,롤,실버
204,침착맨,73000,어렵게 배우는 침착맨 원피스,437114,2020. 7. 26,6803,179,1694,침착맨,원피스,만화
205,침착맨,73000,괴담을 바탕으로 만든 쯔꾸르 공포 게임 괴이증후군,138753,2020. 7. 25,1864,42,502,침착맨,공포게임,괴이증후군
206,침착맨,73000,쏘영이랑 만든 검은바위산 브라우니,137711,2020. 7. 24,2890,26,1014,침착맨,쏘영이,브라우니
207,침착맨,73000,신청곡 노래방 '여름 안에서' 외 12곡,108500,2020. 7. 23,1578,29,684,침착맨,여름안에서,좋니
208,침착맨,73000,자낳대 우승 기념 재넌지원금팀 회식,147244,2020. 7. 22,2038,38,541,침착맨,자낳대,재넌지원금
209,침착맨,73000,침착맨의 둥지에 난입한 백설양,182734,2020. 7. 21,2306,39,456,침착맨,백설양,배도라지
210,침착맨,73000,침&펄과 함께하는 전략삼국지게임 (진삼국대전2),111467,2020. 7. 20,1257,52,346,침착맨,주호민,진삼국대전2
211,침착맨,73000,침펄뚠춘 지옥의 테트리스 (트리키 타워),116734,2020. 7. 19,1207,34,171,침착맨,트리키타워,배성재
212,침착맨,73000,"미리보는 실버 2차 북벌 ""그저 지키라고 하였거늘"" (with 따효니)",134860,2020. 7. 18,1414,54,222,침착맨,따효니,읍참마속
213,침착맨,73000,캐스터 이병건의 따효니 솔랭 중계,104964,2020. 7. 18,866,18,177,침착맨,따효니,롤
214,침착맨,73000,(이어폰필수) 철면수심과 야추 대결,263920,2020. 7. 17,3189,66,882,침착맨,닌텐도스위치,yacht
215,침착맨,73000,제 몸이 이상합니다,230575,2020. 7. 16,3044,61,553,,,
216,침착맨,73000,돈 내고도 들을 수 없는 침교수님의 특강(을 빙자한 그냥 단군 놀리기),142527,2020. 7. 15,1948,42,309,침착맨,단군,매직박
217,침착맨,73000,침착맨&따효니의 실버 북벌 (18시간의 사투),106269,2020. 7. 14,958,30,258,침착맨,따효니,켠왕
218,침착맨,73000,끝나가는 대장정 끝나지 않는 조롱 - GALAX배 배도라지 전장 으깨기 인비테이셔널 4주차,87061,2020. 7. 13,834,23,189,침착맨,전장,으깨기
219,침착맨,73000,침착맨의 쌍베 인간 만들기 (+백vs쌍 상식 퀴즈쇼),165333,2020. 7. 12,2290,57,395,침착맨,쌍베,백설양
220,침착맨,73000,전혀 몰라도 입문할 수 있는 침착맨 삼국지 5부(完),623865,최초 공개: 2020. 7. 11,7500,203,1457,침착맨,삼국지,유비
221,(MUTUBE)와꾸대장봉준,947000,감스트x철구x봉준 단 한 번도 말 못 했던 이야기들.. (※끝까지보세요 끝에 중대발표💥),499612,2020. 7. 28,4380,293,845,봉준,철구,감스트
222,(MUTUBE)와꾸대장봉준,947000,꼭 해야될말이있어서 새벽에 찾아갔습니다,402558,2020. 7. 28,3636,237,585,봉준,감스트,크루
223,(MUTUBE)와꾸대장봉준,947000,금수저 와이프와 레전드 이혼위기!!ㅋㅋㅋㅋ안웃기면방송접음ㅋㅋㅋㅋㅋ,583852,2020. 7. 27,4817,184,412,,,
224,(MUTUBE)와꾸대장봉준,947000,여자들의 기싸움에 점점 과격해지는 수위..ㅗㅜㅑ🙈🙊,386853,2020. 7. 26,2798,171,269,봉준,소개팅,이상형찾기
225,(MUTUBE)와꾸대장봉준,947000,생방중 계좌이체사고로 돈날린 동생 놀리는 김봉준ㅋㅋㅋㅋㅋㅋ엌,385280,2020. 7. 25,2031,162,127,,,
226,(MUTUBE)와꾸대장봉준,947000,결혼을 왜 반대하시는거에요?ㅠㅠ,374533,2020. 7. 24,2983,187,247,봉준,보미,결혼
227,(MUTUBE)와꾸대장봉준,947000,이 여자 제대로 참교육간다..,439225,2020. 7. 23,3351,176,523,,,
228,(MUTUBE)와꾸대장봉준,947000,아니 첫만남에 3명이랑 다? 미친놈아니야?!!,603240,2020. 7. 22,4576,252,631,봉준,키스,오뀨
229,(MUTUBE)와꾸대장봉준,947000,슴닿에 좋아죽는 모쏠남;; 근데... 트랜스젠더인걸 모르네?,640920,2020. 7. 21,5337,262,977,봉준,트랜스젠더,트젠
230,(MUTUBE)와꾸대장봉준,947000,어쩌다보니 또 보게됐네 ^^,534697,2020. 7. 19,3089,209,233,봉준,이채이,오메킴
231,(MUTUBE)와꾸대장봉준,947000,저 이거마시고 결혼하겠습니다!!!,421482,2020. 7. 18,2535,240,325,,,
232,(MUTUBE)와꾸대장봉준,947000,결혼 축하파티에 사이좋은줄알고 불렀다가...,472344,2020. 7. 17,2446,127,355,봉준,고은,결혼
233,(MUTUBE)와꾸대장봉준,947000,방송도중 🚨실제상황🚨 (집까지 찾아옴;),485098,2020. 7. 16,3472,199,283,,,
234,(MUTUBE)와꾸대장봉준,947000,결혼한지 하루만에 찾아온위기...,719909,2020. 7. 14,3937,246,660,,,
235,(MUTUBE)와꾸대장봉준,947000,생방송중 6만명앞에서 결혼발표하는 충격적인 여캠;;,721640,2020. 7. 13,4348,238,489,봉준,고은,결혼
236,(MUTUBE)와꾸대장봉준,947000,오늘 이 여자 제대로 혼내준다..,652069,2020. 7. 12,3676,202,294,봉준,화정,오메킴
237,(MUTUBE)와꾸대장봉준,947000,탱글채이를 보고 충격받은 김봉준🔥 누나도 여자였네...😳,482285,2020. 7. 11,2758,219,216,,,
238,(MUTUBE)와꾸대장봉준,947000,죄송합니다 이건 도저히 못살리겠습니다 ㅠㅠ,428287,2020. 7. 10,3017,157,312,,,
239,(MUTUBE)와꾸대장봉준,947000,꼭 할이야기가있어서 급하게방송켰습니다,637322,2020. 7. 9,4127,218,414,봉준,여자친구,보미
240,(MUTUBE)와꾸대장봉준,947000,매니저와 여BJ의 불화...? 미쳐버리겠네ㅅㅂ,480894,2020. 7. 8,3108,158,903,봉준,프레이,듀단
241,진용진,184000,문 열어놓으면 밖으로 나갈까?,199211,2020. 7. 28,5756,135,3828,,,
242,진용진,184000,국회의원들은 하루종일 무슨 일하는 걸까?,1046076,2020. 7. 25,25368,772,12977,,,
243,진용진,184000,게임 핵은 대체 어떻게 유통되는걸까?,729967,2020. 7. 22,15500,248,8457,,,
244,진용진,184000,ㅂㅂBJ들은 부모님이 아실까?,3105917,2020. 7. 19,35850,981,17190,,,
245,진용진,184000,영화처럼 옷을 엮어서 탈출이 가능할까?,437937,2020. 7. 17,9822,173,4531,,,
246,진용진,184000,고속도로를 지날때 보이는 계단 정체가 뭘까?,2439505,2020. 7. 12,40147,886,10620,,,
247,진용진,184000,어른들이 말하는 호적 파버린다 실제로 가능할까?,709014,2020. 7. 8,15711,234,7431,,,
248,진용진,184000,개그 프로그램 무대 뒤는 어떻게 생겼고 뒤에서 뭘 하고 있을까?,2348367,2020. 7. 5,41934,1,11930,,,
249,진용진,184000,진짜로 다 준비해 가면 외상해줄까?,3407676,2020. 7. 3,54365,11,11718,,,
250,진용진,184000,비둘기 VS 드론 누가 더 빠를까?,215886,2020. 6. 30,5889,116,3211,english,bird,
251,진용진,184000,속담에 나오는 소리들은 실제로는 어떤 소리들일까? (개풀 뜯어 먹는 소리),678439,2020. 6. 28,16514,314,7173,,,
252,진용진,184000,롯데리아 진짜로 우주정거장에 매장 오픈할까?,1770422,2020. 6. 26,28233,690,12155,,,
253,진용진,184000,놀이기구 조종석은 어떻게 생겼을까?,439519,2020. 6. 24,9161,159,4196,디팡,자이로드롭,
254,진용진,184000,래퍼들은 영어가사쓸 때 번역기를 돌릴까?,1278183,2020. 6. 21,22015,469,8149,,,
255,진용진,184000,과자 뒷면이나 각종 이벤트 경품들 받은사람이 있는걸까?,969664,2020. 6. 19,14461,252,6333,,,
256,진용진,184000,책들은 왜 다 자기가 1위라고 적혀있는걸까?,594976,2020. 6. 16,11910,176,6293,,,
257,진용진,184000,마술사가 강원랜드에 가면 무조건 이길수있을까?,1971385,2020. 6. 13,26906,576,8572,,,
258,진용진,184000,놀이터에 있는 모래 파면 어디까지 팔수있을까?,2565067,2020. 6. 10,43079,964,15987,,,
259,진용진,184000,연예인 기획사 앞에서 계속 기다리면 연예인을 만날 수 있을까?,2652514,2020. 6. 6,73088,912,14018,,,
260,진용진,184000,과연 스님은 모기를 잡으실까?,1117930,2020. 6. 4,20493,413,10059,,,
261,택신TV [BISUTUBE],169000,맨날 봐서 지겨운데 ... 또 집에 놀러온 스타고수 동생;;,84859,2020. 7. 28,645,19,145,김택용,이영호,합방
262,택신TV [BISUTUBE],169000,택신을 뛰어넘는 제자 랜덤 이영호!?,78220,2020. 7. 27,471,22,274,김택용,이영호,랜덤
263,택신TV [BISUTUBE],169000,위아래없이 지옥같았던 메이저즈 하이라이트 ㅋㅋㅋㅋㅋㅋㅋ,82880,2020. 7. 25,718,23,139,김택용,메이저스,메이저즈
264,택신TV [BISUTUBE],169000,형 동생 따윈없는 지옥의 메이저즈 2화 풀버전ㅋㅋㅋㅋㅋㅋㅋ,47631,2020. 7. 24,310,18,98,김택용,메이저스,메이저즈
265,택신TV [BISUTUBE],169000,또다시 시작된 택신의 레전드 멀티태스킹(???),102035,2020. 7. 24,680,39,165,김택용,멀티태스킹,식사게임
266,택신TV [BISUTUBE],169000,★추천★ 역대 최초 프저전 개념강의... 택신 개념에 경악하는 이영호!?,99483,2020. 7. 22,760,23,164,김택용,이영호,합방
267,택신TV [BISUTUBE],169000,팩트로만 승부하는... 휴방왕 택신 VS 먹방왕 이영호,101332,2020. 7. 21,738,24,146,김택용,이영호,합방
268,택신TV [BISUTUBE],169000,탈락위기... 그런데 상대가 최종병기;;; :: :: 아이소이 VS 아프리카 ASTL (김택용 VS 이영호),78647,2020. 7. 19,448,39,290,김택용,이영호,따규
269,택신TV [BISUTUBE],169000,★추천★ 440만원이 걸린 최후의 슈퍼 에이스 결정전;;,80801,2020. 7. 18,594,26,177,김택용,짭제동,송병구
270,택신TV [BISUTUBE],169000,말도 안되는걸 역전하려는 택신 ... 그걸 지켜보는 상대팀반응 ㅋㅋㅋ,97059,2020. 7. 18,669,28,138,김택용,김명운,이재호
271,택신TV [BISUTUBE],169000,최악의 부진에 빠진 택신 저그 원탑에게 도전하는데...?,84968,2020. 7. 17,677,23,112,김택용,김명운,
272,택신TV [BISUTUBE],169000,드디어 퓨전해버린 좋룡이와 좋박이ㅋㅋㅋㅋ,44757,2020. 7. 17,409,18,100,김택용,라박이,김윤환
273,택신TV [BISUTUBE],169000,김택용 상대로 도발하는 겁없는 래더유저...,233698,2020. 7. 16,1156,86,183,김택용,래더,도발
274,택신TV [BISUTUBE],169000,택용오빠 우리집에서 밥 먹을래?,89796,2020. 7. 15,728,16,143,김택용,핫바,랜딩
275,택신TV [BISUTUBE],169000,이현경 아나운서와 인터뷰한 호읍을 패려는 택신;;,59069,2020. 7. 14,355,14,47,김택용,최호선,이현경
276,택신TV [BISUTUBE],169000,여캠과 술먹방이 싫다는 택신,201487,2020. 7. 12,1245,41,232,김택용,유타민,술먹방
277,택신TV [BISUTUBE],169000,택신 : 이놈의 인기...ㅋ,89349,2020. 7. 11,639,29,147,김택용,또희,스타여캠
278,택신TV [BISUTUBE],169000,사상최초!! 욕설+반말 허용되는 메이저즈 풀버전!,92705,2020. 7. 10,633,33,208,김택용,메이저스,메이저즈
279,택신TV [BISUTUBE],169000,본인의 천적들을 상대로 '올킬'에 도전하는 택신!,104729,2020. 7. 10,755,33,129,김택용,올킬,메이저프로리그
280,택신TV [BISUTUBE],169000,택신 : 김윤환 제발 살려줘... :: 아이소이 VS 탑툰 ASTL 3부,51246,2020. 7. 7,252,14,148,김택용,따규,눈썹빵
281,흥삼,140000,오이소박이 계란말이 미역귀 된장찌개 밥도둑 반찬들과 집밥 먹방 (A hearty homemade meal) ~요리&먹방!! - Mukbang eating show,256445,2020. 7. 29,6942,513,589,오이소박이,집밥,
282,흥삼,140000,솥뚜껑에 야채 가득 넣은 차돌박이 짬뽕!! (Jjamppong with Beef brisket) 요리&먹방!! - Mukbang eating show,253714,2020. 7. 28,7233,503,601,짬뽕,차돌박이짬뽕,솥뚜껑_짬뽕
283,흥삼,140000,닭볶음탕에 라면사리와 계란 넣어 맛있게 먹방! (Braised Spicy Chicken with noodles eggs) 요리&먹방!! - Mukbang eating show,472655,2020. 7. 27,11901,683,754,닭볶음탕,솥뚜껑_닭볶음탕,
284,흥삼,140000,맛있는 튀김 족발 판매점 튀지 1985에서 푸짐하게 한상 먹방 (Fried pig's feet in Teeg1985)!! - Mukbang eating show,337284,2020. 7. 26,8911,563,691,튀지1985,튀김족발,
285,흥삼,140000,맛있게 숙성된 한우 갈비살에 소주 한 잔 ~ (Aged Korean Beef Ribs with Soju) 요리&먹방!! - Mukbang eating show,480555,2020. 7. 25,14414,585,1343,숙성갈비살,한우갈비살,
286,흥삼,140000,배달어플 5점 만점의 친구가게 맛은? 등심 안심 치즈 돈까스(Sirloin Tenderloin Cheese pork cutlet)!! - Mukbang eating show,284829,2020. 7. 23,8040,725,941,톤톤돈까스,대구맛집,
287,흥삼,140000,새롭게 등장한 새 식구? 진짬뽕 8봉에 밥까지 후루룩~ (New family members? Jjamppong ramen) 요리&먹방!! - Mukbang eating show,376734,2020. 7. 22,9887,694,905,진짬뽕,,
288,흥삼,140000,통통한 전복과 삼겹살의 조합! (Grilled Samgyeopsal with Abalone) 요리&먹방!! - Mukbang eating show,317140,2020. 7. 21,8197,655,947,전복삼겹살,솥뚜껑_삼겹살,
289,흥삼,140000,맛이 없을 수가 없는 솥뚜껑 김치제육볶음! (Stir-fried Pork with Kimchi on a cauldron lid) 요리&먹방! - Mukbang eating show,361433,2020. 7. 20,8913,586,693,김치제육볶음,솥뚜껑_제육볶음,
290,흥삼,140000,숯불구이와 회 삼합까지!! 리조트에서 먹는 푸짐한 한 상~ (Generous meal at the luxury resort) 요리&먹방!! - Mukbang eating show,467359,2020. 7. 19,10818,920,965,리조트먹방,여수,여수여행
291,흥삼,140000,조개 낙지 새우에 파채 가득 넣은 [[해물 파 라면 (Seafoods Instant noodles)]] 요리&먹방!! - Mukbang eating show,692150,2020. 7. 18,14834,845,787,해물라면,해물파라면,솥뚜껑_해물라면
292,흥삼,140000,이열치열! 초복에 먹는 불닭 윙봉! (Chicken wings with Hot spicy chicken flavor sauce)요리&먹방!! - Mukbang eating show,304710,2020. 7. 16,8126,739,1016,불닭소스,불닭_윙봉,
293,흥삼,140000,중식세트 먹방!! 짜장짬뽕깐풍기볶음밥에 군만두까지~ (Chinese foods set) 먹방!! - Mukbang eating show,458524,2020. 7. 15,10692,786,1175,중식,깐풍기,짜장면
294,흥삼,140000,달달한 팥 앙꼬 넣어 가마솥에 튀긴 찹쌀 도넛!! (Sweet Rice Red Bean Doughnut) 요리&먹방!! - Mukbang eating show,313382,2020. 7. 14,8006,726,687,찹쌀도넛,도넛,Doughnut
295,흥삼,140000,부산 유명음식 낙곱새를 솥뚜껑에서 직접!! (Nak-Gop-Sae small octopus tripe and shrimp)요리&먹방!! - Mukbang eating show,678219,2020. 7. 13,14351,970,1263,낙곱새,솥뚜껑_낙곱새,
296,흥삼,140000,다이어트 10일차의 위기. [[만두 넣은 진라면 매운맛(Jin ramen Spicy with Dumplings]] ! 요리&먹방!! - Mukbang eating show,527268,2020. 7. 12,12241,964,1592,만두라면,진라면매운맛,
297,흥삼,140000,맛있는 집밥 한상~ [[갈치구이 가지무침 감자채볶음에 오이냉국]]까지~ 요리&먹방!! - Mukbang eating show,304435,2020. 7. 11,8299,492,619,집밥,가지무침,오이냉국
298,흥삼,140000,때깔 좋은 한우 꽃갈비살을 솥뚜껑에 치익~ (Grilled Korean Beef Ribs) 요리&먹방!! - Mukbang eating show,618339,2020. 7. 9,14266,914,1579,꽃갈비살,,
299,흥삼,140000,바삭한 돈까스가 맛있는 김치찌개 속으로! 돈까스 김치찌개 (Kimchi Stew with Pork cutlet) 요리&먹방!! - Mukbang eating show,342089,2020. 7. 8,8073,701,1024,돈까스,김치찌개,돈까스_김치찌개
300,흥삼,140000,직접 심은 쌈채소와 오리불고기로 쌈밥 한상! (Ssambap Leaf wraps with Duck Bulgogi) 요리&먹방!! - Mukbang eating show,688936,2020. 7. 7,13530,826,977,쌈밥,오리불고기,강된장
301,남순NS,861000,핵존예 라운드걸의 유혹에 결국 넘어가버렸...이걸 어떻게 참아?,472513,2020. 7. 29,2984,129,508,시조새,홍구,건우
302,남순NS,861000,뜨뜨와 에일리 스캔들 소식을 접하게 된 배그대통령의 반응ㅋㅋ,386704,2020. 7. 28,3302,106,397,킴성태,김민교,박사장
303,남순NS,861000,돈 쉽게번다고 개무시당하던 유명 BJ 역대급 반전..,251091,2020. 7. 27,2125,82,342,스틸or스플릿,인디언포커,코트
304,남순NS,861000,아내 보는 앞에서...몸매 1티어 여캠이 유혹한다면..?,584130,2020. 7. 25,4982,244,653,철구,외질혜,족친노트
305,남순NS,861000,존잘남들 앞에서 소개팅한 남자의 최후,290567,2020. 7. 24,2264,60,399,오메킴,김인호,왕지숙
306,남순NS,861000,매일같이 싸우던 커플..솔로들 앞에서 스킨십하더니..,541506,2020. 7. 23,4101,207,588,건우,유화,시조새
307,남순NS,861000,입맞추다가 삘받아서 선넘는 AV배우 수아;; 아니 잠깐만;;,1646154,2020. 7. 22,9911,582,1392,국민수아,깨박이,BJ파퀴
308,남순NS,861000,외국존잘형마저 자빠트린(?) AV배우 수아의 고급 스킬;;,924386,2020. 7. 21,6045,557,974,국민수아,깨박이,BJ파퀴
309,남순NS,861000,면접보라고 했더니...C클라쓰 등장에 정신못차리네,271920,2020. 7. 19,3288,104,423,킹스맨,킹스맨오디션,박가을
310,남순NS,861000,피지컬 지리는 여캠 등장...근데 치명적인 단점이..,613813,2020. 7. 18,3705,180,430,김인호,강만식,킹스맨
311,남순NS,861000,파괴의신 박종덕에게 전설의 콜라펀치 전수받는 성남통 남순이,253530,2020. 7. 17,1953,75,373,박종덕,주먹이운다,콜라펀치
312,남순NS,861000,한번 빠지면 답도 없다는 남순이 스킨십 스킬,532047,2020. 7. 16,4268,150,718,삼하원칙,셀리,간장계란밥
313,남순NS,861000,동료BJ 결혼소식에 다시 결혼이 하고 싶어진 남순이,782504,2020. 7. 15,4609,222,555,세경,가을,여캠탐방
314,남순NS,861000,생방송 중 리얼 쌍욕 박으면서 현피뜬 BJ들의 최후ㄷㄷ,237300,2020. 7. 14,1927,109,363,시조파,독사파,현피
315,남순NS,861000,빠지에서 물놀이 끝나고..다 가렸는데도 몸매가 헐...,490840,2020. 7. 11,2979,124,403,하정,으악이네,가평수상레저
316,남순NS,861000,빠지 놀러왔다가..알짜 몸매 여캠의 놀라운 유연성..감탄,504662,2020. 7. 10,3346,157,456,으악이네,하정,빠지
317,남순NS,861000,ㅁㅊ존예 여캠 보자마자 전재산 탕진...나 이런적 처음이야,407488,2020. 7. 9,5067,133,674,BJ하루,사장님,이렇게하는거맞죠
318,남순NS,861000,안꾸민다고 무시당하던 여자의 반전 몸매ㄷㄷ,644659,2020. 7. 8,3585,155,411,BJ혜림,엄삼용,깽구리
319,남순NS,861000,포르쉐타고 달아난 사기꾼 커플(?)의 최후..,245159,2020. 7. 7,1901,64,308,시조새,김빵귤,김인호
320,남순NS,861000,전여친 앞에서 딴여자와 키스했더니...난리난 전여친?!,743075,2020. 7. 6,4168,219,443,시조새,김빵귤,김인호
321,이영호FlaSh,265000,홍구 올킬소식에 그저 웃는 이영호ㅋㅋ 나 아직남았다 홍구야《KCM 종족최강전 이영호 경기》,70788,2020. 7. 29,555,22,261,종족최강전,홍구,올킬
322,이영호FlaSh,265000,이영호가 에결나오니까 웃으면서 편히보는 팀원들 ㅋㅋㅋ《ASTL 시즌1 4강 B조 에이스결정전 하이라이트》,57244,2020. 7. 28,439,16,230,이영호,ASTL,에이스결정전
323,이영호FlaSh,265000,간절한 조기석이 만든 레전드경기?! 이영호 3코인 가자!!《ASTL 시즌1 4강 B조 3~6경기 전투 하이라이트》,35384,2020. 7. 28,216,11,82,이영호,ASTL,조기석
324,이영호FlaSh,265000,"대회에서 해처리 러쉬를?? ⚠️프로토스 시청금지!!""⚠️ 《ASTL 시즌1 4강 B조 2경기 전투 하이라이트》",37697,2020. 7. 28,197,18,68,이영호,ASTL,해처리러쉬
325,이영호FlaSh,265000,마린 2기랑 2기가 싸웠는데 2기가 남는 컨트롤?? 갓의 컨트롤이란.. 《ASTL 시즌1 4강 B조 1경기 전투 하이라이트》,31409,2020. 7. 28,344,16,138,이영호,ASTL,컨트롤
326,이영호FlaSh,265000,이영호 랜덤이랑 대회에서 하라고요? 도택퀸의 솔직한 생각! [TEN X Dynamic Busan],33503,2020. 7. 28,309,11,108,이영호,TEN리그,랜덤
327,이영호FlaSh,265000,팀을 결승에 올릴 프로토스는 누구인가! 에결의 토스들 《ASTL 시즌1 4강 A조 67경기 전투 하이라이트》,34625,2020. 7. 26,201,8,58,이영호,ASTL,김택용
328,이영호FlaSh,265000,"택용&영호 ""와 경기력 뭐야 ㅋㅋㅋ""《ASTL 시즌1 4강 A조 4~5경기 전투 하이라이트》",34856,2020. 7. 26,181,9,24,이영호,ASTL,김택용
329,이영호FlaSh,265000,재욱이형 리콜은 클라스가 다르네요 ;;《ASTL 시즌1 4강 A조 1~3경기 전투 하이라이트》,32200,2020. 7. 26,173,10,20,이영호,ASTL,김택용
330,이영호FlaSh,265000,저 이영호 드디어 랜덤으로 대회나갑니다!! [TEN X Dynamic Busan 예고편],29263,2020. 7. 25,295,12,60,이영호,TEN,랜덤
331,이영호FlaSh,265000,스타 BJ들이 하고 싶어서 난리난 컨텐츠가 있다?! 오늘의 범인은 누구! 《메이저즈 with 풀 캠》,19991,2020. 7. 25,116,8,46,이영호,메이저즈,한두열
332,이영호FlaSh,265000,240만원이 걸린 경기에서 기이한 수비력을 보여주는 영호?! 《메이저 프로리그》,47802,2020. 7. 24,254,24,80,이영호,프로리그,메이저프로리그
333,이영호FlaSh,265000,이영호 저그에 지고 테란찾는 김윤중 ㅋㅋㅋㅋ 진짜로 하시게요??,65983,2020. 7. 23,348,16,138,이영호,김윤중,점윤중
334,이영호FlaSh,265000,영호의 랜덤 저그실력은 팀원을 웃게합니다!!《Ep.9 이영호 저그VS 한두열》,22584,2020. 7. 22,192,4,39,이영호,랜덤,저그
335,이영호FlaSh,265000,택신 앞에서 토스라니?! 안돼!!! 《Ep.9 이영호 프로토스 VS 김성대》,44077,2020. 7. 22,268,10,65,이영호,김택용,랜덤
336,이영호FlaSh,265000,이현경 아나운서 만나라는 악성 시청자의 질문을 본 택용이?? 《이영호X김택용》,47277,2020. 7. 22,346,9,43,이영호,김택용,택갓
337,이영호FlaSh,265000,차원이 다른 역대급 마인대박이 나왔습니다 《ASTL 시즌1 B조 6경기 전체 하이라이트》,43907,2020. 7. 21,209,13,133,이영호,김대엽,마인대박
338,이영호FlaSh,265000,에이스 결정전에 최호선이라고요??? 《ASTL 시즌1 B조 5경기~ 에이스결정전》,36093,2020. 7. 21,186,9,29,이영호,ASTL,김택용
339,이영호FlaSh,265000,스타 접은줄 알았던 홍구... 여전히 후반전 미쳤다!《ASTL 시즌1 B조 3경기 + 4경기》,33361,2020. 7. 21,169,11,29,이영호,ASTL,김택용
340,이영호FlaSh,265000,자칭 '10분이영호'를 보는 택신과 영호ㅋㅋㅋㅋ《ASTL 시즌1 B조 1경기 + 2경기》,33837,2020. 7. 21,165,7,40,이영호,김택용,ASTL
341,런민기,145000,『방향키 뒤집기 vs 정상적으로 게임하기』,12070,2020. 7. 30,1193,20,523,피큐큐,런민기,카트라이더러쉬플러스
342,런민기,145000,소과금 유저의 희망이 될 수 있을까요? 신규카트 『스펙터』 리뷰,254901,2020. 7. 29,4116,104,1593,게임 인기 급상승 동영상,9,
343,런민기,145000,이젠 하늘도 날라다니는 카트라이더 ㅋㅋㅋㅋㅋ,207207,2020. 7. 28,3528,109,1006,슈퍼점프,런민기,카트라이더러쉬플러스
344,런민기,145000,이게 플레이가 가능해??? 모든 버튼을 『최소화』 시켰습니다 ㅋㅋㅋㅋㅋ,239130,2020. 7. 27,3568,89,1288,카트라이더,런민기,카트라이더러쉬플러스
345,런민기,145000,🔥레전드매치🔥 중국 원탑 프로팀 『Weibo』 이겼습니다!,310554,2020. 7. 26,3665,123,1627,다오군단,런민기,카트라이더러쉬플러스
346,런민기,145000,바퀴가 없는데 어째서 카트바디 인가요?,217592,2020. 7. 25,3150,97,843,뛰라이더,런민기,카트라이더러쉬플러스
347,런민기,145000,신규 대장카트 출시? 『아틀라스』 리뷰갑니다!!,467841,2020. 7. 24,6058,177,1899,아틀라스,런민기,카트라이더러쉬플러스
348,런민기,145000,옛날에 카트하던 사람들은 한번쯤은 다 해본 『플래그전』이 돌아왔습니다!!,111703,2020. 7. 23,1984,38,693,플래그전,런민기,카트라이더러쉬플러스
349,런민기,145000,모든 인터페이스를 『최대크기』로 하고 달려봤습니다 ㅋㅋ,370581,2020. 7. 22,4849,138,1279,카트라이더,런민기,카트라이더러쉬플러스
350,런민기,145000,아 ㅋㅋㅋ 게임 접고 해설로 전향 한번 해볼까?,208390,2020. 7. 21,3525,99,793,스타컵,런민기,카트라이더러쉬플러스
351,런민기,145000,아이템전 왜캐빡세?! 『문호준팀과 스크림 해봤습니다』,265524,2020. 7. 20,3509,131,893,스타컵스크림,런민기,카트라이더러쉬플러스
352,런민기,145000,여기 한국서버 맞죠? 핑 왜이래 ㄷㄷ,227885,2020. 7. 19,3377,90,1284,다오군단내전,런민기,카트라이더러쉬플러스
353,런민기,145000,지금의 런민기를 만들어준 게임 『PC 카트라이더』,364134,2020. 7. 18,5005,130,1523,카트라이더,런민기,카트라이더러쉬플러스
354,런민기,145000,새롭게 구성된 런민기팀 『RUNNER』 출격합니다.,399418,2020. 7. 17,4807,141,1209,카트라이더,런민기,카트라이더러쉬플러스
355,런민기,145000,다오군단... 안녕..,602645,2020. 7. 16,7847,280,1507,다오군단,런민기,카트라이더러쉬플러스
356,런민기,145000,런민기를 위한 모드 『고스트 모드』,375366,2020. 7. 15,5400,145,1042,고스트모드,런민기,카트라이더러쉬플러스
357,런민기,145000,"""앞으론 절대 불가능 할"" 『러쉬 대기업 유튜버』 전부 모임 ㅋㅋㅋㅋ",507864,2020. 7. 14,6256,184,1084,카러플스타컵,런민기,카트라이더러쉬플러스
358,런민기,145000,안녕하세요 신입 러쉬강사 런민기입니다.,447945,2020. 7. 13,6620,159,1727,카트강의,런민기,카트라이더러쉬플러스
359,런민기,145000,오!!! 신맵 ㅎㅇ 『차이나 라사 & 도검 용의 길』,299090,2020. 7. 12,4324,122,1207,신맵타임어택,런민기,카트라이더러쉬플러스
360,런민기,145000,오 ㅋㅋ 님들 샌박이 선물줌 ㅎㅇ,122009,2020. 7. 11,3171,47,1005,샌드박스,런민기,카트라이더러쉬플러스
361,히밥heebab,278000,하루 식비 궁금하시죠? 소고기 값이 많이 나올까요..? 장어값이 많이 나올까요? korean muckbang eating show 히밥,82810,2020. 7. 29,2383,51,203,장어,여름철기력회복음식,실시간
362,히밥heebab,278000,[배꼽빠짐 주의] 구급상자 먹방! 배그에서도 먹방을하는 유튜버 (feat.구자명덕자) [BATTLE GROUND],30303,2020. 7. 28,965,64,125,배틀그라운드,덕자,히밥
363,히밥heebab,278000,[시트콤먹방] 히밥세끼 그 이후.. 계곡에서 초복중복 말복 하루 만에 다 즐기기(feat 덕자) korean muckbang eating show 히밥,228283,2020. 7. 26,4411,171,392,히밥세끼,덕자,시트콤
364,히밥heebab,278000,제주도에 이런 곳이 있었다고? [제마닭] 곱도리탕꽃도리탕닭도리탕 탕탕탕 스페셜! korean muckbang eating show 히밥,126941,2020. 7. 23,2726,70,261,캠핑음식,복날음식,제마닭
365,히밥heebab,278000,[시트콤] 덕자가 히밥이의 세끼를 책임진다. 히밥세끼 개봉!!🍛 (feat 덕자) korean muckbang eating show 히밥,231446,2020. 7. 22,4610,140,553,히밥세끼,덕자,시트콤
366,히밥heebab,278000,[도전먹방] 소고기 8KG 다 먹으면 공짜?? 소는 키워도..나름이랑 히밥이는 못키워 korean muckbang eating show (feat.나름),186340,2020. 7. 20,3423,125,283,안산부드럽소,다먹으면공짜,도전먹방
367,히밥heebab,278000,냉.최.몇!? 냉동삼겹살 최대 몇인분?? 혼자가서 단체손님 테이블인척하기 korean muckbang eating show 히밥,386500,2020. 7. 19,6721,172,490,청양집,냉삼맛집,냉동삼겹살
368,히밥heebab,278000,한국에서 라면을 가장 많이먹는 여자가 세계에서 제일 맛있는라면 1위(신라면블랙)을 먹어봤습니다. korean eating muckbang show 히밥,439230,2020. 7. 16,6872,330,802,세계에서,신라면블랙,농심
369,히밥heebab,278000,[초복특집 도전먹방] 닭을 이렇게 먹어본적은 처음이에요 토종닭 18호 세마리 도전먹방!! korean muckbang eating sohw 히밥,139708,2020. 7. 15,2836,100,235,올림픽밸리,초복,이영자맛집
370,히밥heebab,278000,히밥이 극찬한 집에서도 맛있게 먹는 로제떡볶이! 내 인생 떡볶이 등극! korean muckbang eating show 히밥,190622,2020. 7. 14,3768,93,277,빛날희,로제떡볶이,떡볶이
371,히밥heebab,278000,만석 닭강정vs 중앙 닭강정 뭐가 더 맛있을까?? Korean mukbang eating show 히밥,187504,2020. 7. 12,3427,107,421,만석닭강정,중앙닭강정,속초아저씨
372,히밥heebab,278000,시청자들과 싸웠습니다 ... korean mukbang eating show 히밥,1190198,2020. 7. 10,16714,447,2417,음랜디,음식랜덤디펜스,배달음식
373,히밥heebab,278000,빛날희 떡볶이 10인분 먹방,156670,실시간 스트리밍 시작일: 2020. 7. 8,2194,117,112,,,
374,히밥heebab,278000,한라수목원 야시장 푸드트럭 탈탈 털어봤습니다! korean muckbang eating show 히밥,152310,최초 공개: 2020. 7. 7,3133,74,884,제주도,한라수목원,야시장먹방
375,히밥heebab,278000,[도전먹방] 대왕 파스타 5분안에 성공하면 평생 공짜! 아직까지 성공자가 한명도 없었다는데.. challenge mukbang eatingshow 히밥,528891,2020. 7. 6,8845,290,1035,대왕파스타,제한시간15분,성공하면
376,히밥heebab,278000,나의고향 🍊제주도🍊 첫 VLOG 가성비 갑 시티투어 야밤버스 여행/동문시장 먹거리여행 VLOG heebab 히밥,199952,2020. 7. 4,3695,82,273,제주도,씨티투어,제주도씨티투어버스
377,히밥heebab,278000,휴게소 음식 솔직하게 맛평가 해봤습니다.. Korean mukbang eating show 히밥,220989,2020. 7. 3,3931,132,312,휴게소,휴게소음식,휴게소먹방
378,히밥heebab,278000,간단하게 속초 로컬 맛집 장칼국수 5그릇 먹방 kalguksu mukbang eating show heebab 히밥,249929,2020. 7. 1,4391,186,428,속초,장칼국수,맛깔칼국수
379,히밥heebab,278000,[13가지 반찬무료8천원 집밥]이모님 죄송해요.. 음식점에서 처음으로 도망쳤습니다.. korean muckbang eating show 히밥,305816,2020. 6. 30,6093,164,538,막퍼주는시골집밥,24시,맛집
380,히밥heebab,278000,왕등뼈찜大+뼈추가+비빔모밀 먹방,142649,실시간 스트리밍 시작일: 2020. 6. 29,2611,109,112,,,
381,[꿀템TV] 클템 유튜브,384000,신챔 릴리아 쉰챔으로 찢어버리겠읍니다,110755,2020. 7. 29,890,30,170,마오카이,쉔,폰
382,[꿀템TV] 클템 유튜브,384000,"""보기 편한 게임 ASMR"" 가짜스카너 무박3일 지옥주 ASMR"" [자기 전 보기 좋은 긴 영상]",71325,2020. 7. 28,630,30,198,게임ASMR,아무무사트,스카너
383,[꿀템TV] 클템 유튜브,384000,※신기록 경신의 한 주※ LCK 업셋이 적은 이유!? DRX vs 젠지 명승부까지 롤 핫이슈 다 핥아 빨아! [찍어X3 3화],176913,2020. 7. 27,2963,72,528,찍어찍어찍어,LCK,포니
384,[꿀템TV] 클템 유튜브,384000,오랜만에 일라오이 강의 (오이오이! 믿고 있었다구!),124482,2020. 7. 26,1093,37,206,일라오이,징크스,상윤
385,[꿀템TV] 클템 유튜브,384000,"클템 인성 문제있어? 가짜사나이급 롤 훈련소 ""가짜스카너""",123819,2020. 7. 25,1099,42,236,스카너,가짜스카너,린다랑
386,[꿀템TV] 클템 유튜브,384000,"""클템의 토크쇼 ON 침범벅 인생 핥기"" 롤 하는 대학생이면 꼭 보십쇼 미친 대회 모집이 끝나간다!!!",30390,2020. 7. 24,322,10,111,IEF,국제대학E스포츠,롤토크
387,[꿀템TV] 클템 유튜브,384000,전프로를 버스 태우는 전프로 (죽무 쉔 선수시절 피지컬 ON),155287,2020. 7. 23,1289,56,236,죽음의무도,쉔,나는상윤
388,[꿀템TV] 클템 유튜브,384000,[클템X상윤] 쉔 서폿 내가 보여줄게ㅋ,135963,2020. 7. 22,905,42,150,카이사,쉔,근본오브본근
389,[꿀템TV] 클템 유튜브,384000,준비됐니 클라우드 템플러? 그냥 게임만하자. 그럼 이겨준다.,207330,2020. 7. 21,1321,39,242,모데카이저,모데카이저강의,장인
390,[꿀템TV] 클템 유튜브,384000,20서머 중간 종료 팀별 가볍게 핥기! 퍼스트팀 뽑기까지 이거 하나로 끝 (찍찍찍 2화),304440,2020. 7. 20,1956,200,1205,롤챔스,찍어찍어찍어,중간점검
391,[꿀템TV] 클템 유튜브,384000,변태 천재의 녹턴 & 말파이트 활용법,125395,2020. 7. 19,1156,44,215,문도,문데,문다
392,[꿀템TV] 클템 유튜브,384000,"1초에 17번 치는 칼날비 바이 ""날 본 순간 넌 바이(bye)...""",149246,2020. 7. 16,1349,47,257,칼날비,바이,견자단
393,[꿀템TV] 클템 유튜브,384000,"""클템 이 남자 바텀에선 어떨까?"" 미친 텐션의 남탓듀오 엌ㅋㅋㅋㅋ 카이사&노틸러스 [상윤X클템]",138869,2020. 7. 15,1168,37,206,CJ전드,한전드,봇파괴
394,[꿀템TV] 클템 유튜브,384000,클템의 주간 롤 이슈 토크쇼!? T1의 경기력 한화생명의 첫승 야마토캐논에 대해 [찍어찍어찍어 1화],194993,2020. 7. 14,1560,80,1283,롤토크쇼,포니,
395,[꿀템TV] 클템 유튜브,384000,미친 별풍선 미션 앞에 3인궁 파멸캐리 말파이트 ON... 근본좌와 쓰렉좌의 콜라보 2부 [상윤X클템],124031,2020. 7. 13,963,37,150,,,
396,[꿀템TV] 클템 유튜브,384000,"""요즘 사기라는 AP 코그모!?"" 상윤X클템 근본과 근본의 만남.... (후로스트 & 한화 1부)",130176,2020. 7. 12,952,45,186,나는상윤,코그모,
397,[꿀템TV] 클템 유튜브,384000,탈주닌자 발생 4:5를 어떻게 이기는걸까? (간만에 진지 캐리 마오카이 땀냄새),103441,2020. 7. 11,857,37,119,마오카이,자크,스멥헌정
398,[꿀템TV] 클템 유튜브,384000,"""한타 한 번 없이 게임을 끝내는 방법"" (말파이트&샤코 콤비)",106622,2020. 7. 10,1098,30,240,토끼풀,말파,
399,[꿀템TV] 클템 유튜브,384000,말파이트 보고 루시안 뽑은 상대 롤 접게 만들었습니다,183322,2020. 7. 9,1265,64,246,말파이트,사기,1티어
400,[꿀템TV] 클템 유튜브,384000,붕대를 본 순간 넌 이미 죽어있다 (폭딜 아무무 클로사 X 린다랑),120733,2020. 7. 8,1115,35,216,AP,아무무,
401,따규햅번,414000,시청자와 통화하다 대성통곡한 그녀..,45259,2020. 7. 30,1547,18,541,시청자,대성통곡,365일
402,따규햅번,414000,불편하다 매우,132857,2020. 7. 29,1933,43,382,,,
403,따규햅번,414000,저희 오랜만에......,167679,2020. 7. 28,2262,42,439,,,
404,따규햅번,414000,와이프를 위한 특별한 선물(?),325841,2020. 7. 27,5281,80,1164,7월20일,햅번이,생일
405,따규햅번,414000,그가 다시 보이기 시작했던 가짜사나이 6화 리뷰..,558129,2020. 7. 26,6914,152,1716,가짜사나이,공혁준,가브리엘
406,따규햅번,414000,미필한테 전설의 음식을 선사했습니다.,478509,2020. 7. 25,6957,133,1229,꽈뚜룹,군대리아,
407,따규햅번,414000,모두의 눈물샘을 터뜨린 가짜사나이 5화 리뷰.. (feat. 꽈뚜룹),875860,2020. 7. 24,14653,162,3482,가짜사나이,꽈뚜룹,미션파서블
408,따규햅번,414000,가짜사나이 2기에 괴물이 간다면..?,433179,2020. 7. 23,4886,119,848,가짜사나이,2기,
409,따규햅번,414000,하......................,297054,2020. 7. 22,3662,62,618,,,
410,따규햅번,414000,H교관님께서 밝히는 비하인드 4화 리뷰 (3부),1410207,2020. 7. 21,16853,431,2761,미션파서블,꽈뚜룹,베이식
411,따규햅번,414000,가짜 사나이 명장면들과 몰래 온 손님?! (2부),1406392,2020. 7. 20,17045,466,1441,베이식,미션파서블,꽈뚜룹
412,따규햅번,414000,가짜사나이 교육은 끝나지 않았습니다.. (에이전트H 꽈뚜룹),2304522,2020. 7. 19,29479,919,3344,가짜사나이,에이전트H,꽈뚜룹
413,따규햅번,414000,상처뿐인 가짜 사나이 3화 리뷰.....,491996,2020. 7. 18,4248,127,1044,가짜사나이,피지컬갤러리,
414,따규햅번,414000,입방정 떨다가 불냉면의 맛을 보았습니다..,149516,2020. 7. 17,2175,48,389,송주불냉면,홍구,
415,따규햅번,414000,오랜만에 유부녀들 토크에 빠져봅시다ㅋㅋㅋㅋ,216104,2020. 7. 16,2237,48,272,나봉,,
416,따규햅번,414000,유부녀인걸 까먹으면 생기는 일ㅋㅋㅋㅋ,139313,2020. 7. 15,1549,56,289,아이소이시카고,ASTL,김택용
417,따규햅번,414000,신과 두 악마의 만남,132418,2020. 7. 14,2196,97,508,,,
418,따규햅번,414000,가짜사나이 리뷰도중 갑자기 2기 섭외전화가..,745661,2020. 7. 13,7087,145,1593,가짜사나이,미션파서블,피지컬갤러리
419,따규햅번,414000,이근 이사님 빙의했다가 결국 한소리 들었음ㅋㅋㅋㅋㅋㅋ,825755,2020. 7. 12,6726,238,1225,가짜사나이,미션파서블,피지컬갤러리
420,따규햅번,414000,이거 뭐냐?,104534,2020. 7. 11,1859,47,520,,,
421,숑키,279000,쇼미9 현재까지 지원한 여성 참가자 모음 #002 (사츠키 쇼미더머니9),11678,2020. 7. 30,159,7,205,쇼미더머니9,쇼미9,사츠키
422,숑키,279000,멜론에 검색되는 현역래퍼 지원영상 모음 #004 (쇼미9 쇼미더머니9),25938,2020. 7. 29,196,5,276,쇼미더머니9,쇼미9,엠넷
423,숑키,279000,쇼미9 슬슬 참가를 시작하는 유명 래퍼들 #2 [래원 옥가향 지원영상],145227,2020. 7. 28,1420,24,626,쇼미더머니9,래원,옥가향
424,숑키,279000,쇼미9 슬슬 참가를 시작하는 유명 래퍼들 #1 [언오피셜보이 코르캐쉬 지원영상],87235,2020. 7. 28,769,20,321,쇼미더머니9,이수린,소현성
425,숑키,279000,멜론에 검색되는 현역래퍼 지원영상 모음 #003 (쇼미9 쇼미더머니9),50122,2020. 7. 27,540,18,550,쇼미더머니9,쇼미9,엠넷
426,숑키,279000,쇼미9 현재까지 지원한 여성 참가자 모음 #001 (쇼미더머니9),16500,2020. 7. 26,183,13,371,쇼미더머니9,쇼미9,엠넷
427,숑키,279000,오왼과 쇼미더머니9,36647,2020. 7. 26,504,9,287,쇼미더머니9,쇼미9,오왼
428,숑키,279000,이쯤에서 다시보는 고랩 지원영상 베스트 모음(자막) #001,50600,2020. 7. 25,601,15,322,고등래퍼,고랩,쇼미더머니9
429,숑키,279000,이쯤에서 다시보는 쇼미 지원영상 베스트 모음 #001,106811,2020. 7. 24,1130,28,312,쇼미더머니,쇼미9,쇼미더머니9
430,숑키,279000,2년만에 싱잉랩으로 돌아온 미친재능 D.Ark(디아크) - Good Morning (Prod.Aech),333984,2020. 7. 23,3672,96,2129,D,디아크,GoodMorning
431,숑키,279000,멜론에 검색되는 현역래퍼 지원영상 모음 #002 (쇼미9 쇼미더머니9),56156,2020. 7. 23,355,18,381,쇼미더머니9,쇼미9,엠넷
432,숑키,279000,현재까지 쇼미9 출연 가능성 높은 네임드 래퍼 총정리,75423,2020. 7. 23,763,32,692,쇼미더머니9,쇼미9,엠넷
433,숑키,279000,AOMG의 새식구가 된 이하이 (AOMG New artist LEE HI),26195,2020. 7. 22,362,5,81,AOMG,이하이,LEEHI
434,숑키,279000,멜론에 검색되는 현역래퍼 지원영상 모음 #001 (쇼미9 쇼미더머니9),240514,2020. 7. 22,1694,45,1541,쇼미더머니9,쇼미9,엠넷
435,숑키,279000,쇼미더머니9 지원 접수 시작 (07/20~08/21),76690,2020. 7. 20,908,21,769,쇼미더머니9,쇼미9,지원
436,숑키,279000,하이어뮤직 새 아티스트(17) 'TRADE L' 입단 곡!,74397,2020. 7. 20,627,13,584,하이어뮤직,TRADEL,H1GHRMUSIC
437,숑키,279000,이제 좀 떴으면 좋겠는 래퍼 TOP3,16932,2020. 7. 14,241,9,162,콸라,김아일,이현준
438,숑키,279000,래퍼들이 롤렉스에 환장하는 이유,17841,2020. 7. 8,291,8,89,롤렉스,힙합,연결고리
439,숑키,279000,칸예웨스트 2020 미국대통령 출마 선언,14794,2020. 7. 5,235,7,174,칸예웨스트,대선,출마
440,숑키,279000,빈지노 일리네어 탈퇴설 직접 입 열었다,735539,2020. 7. 2,3134,104,1098,빈지노,일리네어,더콰이엇
441,은하캠핑,482000,특수부대 전역자가 진짜 무서운 이유 2탄/서바이벌대결/The survival gunfight between former special forces,755236,2020. 7. 29,14159,293,2710,인기 급상승 동영상,5,
442,은하캠핑,482000,특수부대 전역자가 진짜 무서운 이유/이렇게 진지하게 한다고?/서바이벌대결/a tactical showdown between former Special Forces members,1293889,2020. 7. 24,21792,568,4938,특수부대,특전사,서바이벌
443,은하캠핑,482000,특수부대 출신 6명 드디어 만났다/팀 블랙 티저/Special Forces Champions League Asian Edition,252107,2020. 7. 19,8082,144,1676,특수부대,SpecialForces,특전사707
444,은하캠핑,482000,특수부대 전역자 6명이 만난다면?/Special Forces/특수부대챔피언스리그/Special Forces Champions League,152095,2020. 7. 13,4049,65,564,Special,특수부대,대결
445,은하캠핑,482000,특전사 누나가 장난감 총을 잡으면 생기는 일/외래종 퇴치 작전/bb탄총/American Bull Frog/자연보호,581576,2020. 7. 10,9428,317,1711,황소개구리,shooting,특전사
446,은하캠핑,482000,Surviving in a Ghost City/이것은 폐가에서 생존인가 캠핑인가?/Women's Survival Specialists Part 3,20313,2020. 7. 9,679,4,73,캠핑,생존,은하캠핑
447,은하캠핑,482000,폐차에서 캠핑이 가능할까?/Surviving in a Ghost City/Women's Survival Specialists Part 2 / War on Survival,89054,2020. 7. 7,3108,49,247,캠핑,차박,오토캠핑
448,은하캠핑,482000,찐군인과 전쟁 영화보면 생기는 일/특전사누나의 파병썰,208024,2020. 7. 1,4593,90,465,넷플릭스추천,마이넷플리스트,넷플릭스
449,은하캠핑,482000,Korean Women's Survival Specialist Part 1/War on Viruses/Surviving in a Ruined City/,101583,2020. 6. 30,3106,44,199,Survival,BearGrylls,Virus
450,은하캠핑,482000,나라가 불러서 다시 갔습니다/경계근무 첫 경험/재입대,241552,2020. 6. 25,7085,95,535,칠곡호국평화기념관,국가보훈처,
451,은하캠핑,482000,특수부대 출신 누나의 야생먹방/캠핑/camping/스테이크/beef steak/촬영뒷이야기,151474,2020. 6. 23,5127,87,590,캠핑,스테이크,캠핑요리
452,은하캠핑,482000,와일드캠핑/Wild Camping/automatic BBQ/Camping/Bushcraft/Pork,263090,2020. 6. 18,7508,140,953,박은하,마지막생존자,은하캠핑
453,은하캠핑,482000,누나가 유튜브를 시작한 이유?/Survival/skills/Bushcraft/Camping/특전사,1102500,2020. 6. 17,17016,353,1549,박은하,은하캠핑,특전사
454,은하캠핑,482000,마지막생존자/Survival/skills/Bushcraft/Camping/시리즈M/Urban Survival/mbc/더 라스트 오브 어스,94147,2020. 6. 15,3117,52,490,TheLastofUs,Survival,
455,은하캠핑,482000,특전사 누나에게 걸려온 전화/누구냐 넌?/그놈목소리/Survival skills/Bushcraft/Camping/Outdoor/캠핑,320674,2020. 5. 30,7012,158,969,생존,Survival,특전사
456,은하캠핑,482000,라이터 한 개로 라면 끓이기 가능할까?/여러분 중대 발표를 하겠습니다/특전사/캠핑/Camping/Bushcraft/survival,440254,2020. 5. 23,8366,390,795,라면,캠핑,생존
457,은하캠핑,482000,대한민국 1%의 남자를 만났다/강한남자/캠핑요리/삼겹살/Pork/BBQ/Cooking/Camping/비빔국수,575659,2020. 5. 19,10837,287,684,특전사,특수부대,캠핑
458,은하캠핑,482000,특전사 전역 후 낙하산을 탄다면?/스카이다이빙/Skydiving/parachute/Special forces/Drop Zone,449318,2020. 5. 13,12473,204,1538,스카이다이빙,낙하산,Skydiving
459,은하캠핑,482000,시~원하게 즐기고 왔습니다/캠핑/Camping/K2/오싹티셔츠/검단산피디,360117,2020. 5. 11,9204,185,889,캠핑,수지오싹티셔츠,Camping
460,은하캠핑,482000,특전사 누나가 총싸움 게임을 한다면?/CallofDuty/콜오브듀티/Call of Duty: Modern Warfare,227824,2020. 5. 7,5659,107,621,콜오브듀티,모던워페어,CallofDuty
461,웅플,564000,웅플이 니달리 일주일만에 해서 감 잃으면 생기는 일 [웅플],10141,2020. 7. 4,44,5,56,니달리,무라마나,얼건
462,웅플,564000,[버프된 코그모] AP계수를 그렇게 올려 놓으면 할 수 밖에 없잖아.. [웅플],16872,2020. 7. 2,67,8,27,AP,코그모,버프
463,웅플,564000,[악마니달리] 무한 솔킬 지옥의 라인전 보여주는 얼건 니달리!! 상대 올ad여서 딜 하나도 안박히네 ㅋㅋㅋ [웅플],14112,2020. 6. 24,71,12,21,니달리,라인전,지옥
464,웅플,564000,니달리 이길 줄 알고 계속 덤비면 생기는 일.. 악마다.. 악마의 라인전이야.. [웅플],23470,2020. 6. 22,93,7,33,니달리,무한,솔킬
465,웅플,564000,[Tonaom] 궁쿨5초로 쿨감시켜버리는 공속 카르마!! 상대 바텀 화난거 개인정 ㅋㅋ 쌍욕박아버리네 ㅋㅋ [웅플],18962,2020. 6. 18,68,9,20,카르마,구인수,내셔
466,웅플,564000,팀원들도 놀라서 핑찍어버리는 탑조이!! 아니 ㅋㅋ 이거 왜 쎈지 알려주실분 ㅋㅋㅋ [웅플],16898,2020. 6. 16,72,7,26,조이,AD,
467,웅플,564000,탑니달리 장점 : 쎈줄 모른다 ㅋㅋㅋ 극한의 시너지로 미친 딜탱돼서 쌉캐리했습니다 [웅플],17059,2020. 6. 14,82,5,53,니달리,침착,시너지
468,웅플,564000,버프받은 현재 미쳐버린 빅토르!! Q평이면 애들이 펑펑 터지네요 ㅋㅋㅋ 극한의 주문력으로 녹여보겠습니다 [웅플],24882,2020. 6. 12,90,9,42,빅토르,버프,펑
469,웅플,564000,드디어 많은 분들이 추천하시던 [정글]로 니달리 시작했습니다 미친동선 빡캐리 보시죠 [웅플],25000,2020. 6. 10,131,3,33,니달리,정글,캐리
470,웅플,564000,왜 니달리일때 도발합니까 참교육 들어갈게요 ㅋㅋㅋ 진짜 상대팀도 불쌍하다 [웅플],22251,2020. 6. 8,124,5,91,니달리,헤카림,벌레컷
471,웅플,564000,적팀 5명 드리블해서 멘탈 터뜨리는 탑르블랑 ㅋㅋㅋㅋ 깐족거림의 장인이다.. [웅플],13159,2020. 6. 6,61,8,22,르블랑,깐족,장인
472,웅플,564000,[핵평타] 108갱 받아내고 서렌나온 게임 뒤집는 미친 웅플 니달리!! 진짜 신들린 컨트롤 도랏다.. [웅플],16772,2020. 6. 4,90,8,46,니달리,무라마나,캐리
473,웅플,564000,"한타가 끝나도 풀피가 남아있는 죽지 않는 템트리!! ""이 챔프""에 넣으면 효율 극상승 합니다.. [웅플]",21985,2020. 6. 2,84,7,37,작심삼일,니달리,최고야
474,웅플,564000,하루하루 잘 풀리고 있네요 대역전 잡은 갓챔 찾았습니다 [웅플],21091,2020. 5. 28,72,3,42,갓챔,공속,룰루
475,웅플,564000,7년 동안 니달리 했지만 접을 수 밖에 없는 갓챔 찾았습니다 [웅플],41185,2020. 5. 26,141,10,79,니달리,접었습니다,
476,웅플,564000,[버프] 눈에 띄면 그냥 터뜨려버리는 무라마나 우르곳!! 그냥 비비면서 때리니까 다 죽어있네 ㅋㅋㅋ 같은 팀도 놀라는 폭딜!! [웅플],47519,2020. 5. 24,164,20,63,우르곳,버프,죽무
477,웅플,564000,[롤 패치] 이번에 또 버프 받았다고?! 라인전 깡패에 로밍왕이 돼버린 버프 트위스티드페이트!! [웅플],33555,2020. 5. 22,115,19,37,트페,버프,패치
478,웅플,564000,아무도 이 게임을 질리언이 캐리할 줄 몰랐다.. 느려지고 때리고 안죽는 미친 질리언 두두등장!! [웅플],9164,2020. 5. 20,30,6,16,집공,공속,질리언
479,웅플,564000,[레전드46킬] 니달리가 고인이라고? 주문력 1500 필밴시절 니달리가 돌아왔습니다. 우물 쿼드라 ㅋㅋㅋ [URF] [웅플],40539,2020. 5. 18,132,11,61,니달리,AP,원펀맨
480,웅플,564000,[자강두변] 이자식은 나보다 변태다.. 우르프 니달리했는데 철거 사이온 만났네 누가 이기나 보자 [웅플],9477,2020. 5. 17,35,3,10,우르프,니달리,사이온
481,영민하다,188000,[곡성] 당신이 모르는 숨겨진 비밀 2,318482,2020. 7. 25,3527,99,340,곡성,영민하다,
482,영민하다,188000,[곡성] 당신이 모르는 숨겨진 비밀 1,446836,2020. 7. 18,5682,130,644,곡성,영민하다,
483,영민하다,188000,[타짜] 당신이 모르는 숨겨진 비밀 (최종본),931296,2020. 6. 18,5140,266,516,타짜,영민하다,
484,영민하다,188000,[자전차왕 엄복동] 당신이 모르는 숨겨진 비밀,211353,2020. 6. 8,2627,100,1071,깡,영민하다,
485,영민하다,188000,[설국열차] 당신이 모르는 숨겨진 비밀,462984,2020. 5. 24,5659,157,567,설국열차,영민하다,
486,영민하다,188000,[봄날은 간다]의 이별이 더 안타깝게 느껴지는 이유 - 망원 렌즈,17198,2020. 5. 16,614,6,97,봄날은간다,영민하다,
487,영민하다,188000,[해바라기] 당신이 모르는 숨겨진 비밀,680346,2020. 5. 7,3759,152,468,해바라기,영민하다,
488,영민하다,188000,[범죄도시] 당신이 모르는 숨겨진 비밀,1206792,2020. 4. 28,7776,364,746,범죄도시,영민하다,
489,영민하다,188000,[극한직업] 당신이 모르는 숨겨진 비밀,873159,2020. 4. 17,6384,243,533,극한직업,영민하다,
490,영민하다,188000,[조커] 당신이 모르는 숨겨진 비밀,267000,2020. 4. 6,3506,91,314,영민하다,,
491,영민하다,188000,[라라랜드] 당신이 모르는 숨겨진 비밀,125124,2020. 3. 30,2394,31,239,라라랜드,영민하다,
492,영민하다,188000,[마녀] 당신이 모르는 숨겨진 비밀,799512,2020. 3. 23,5126,232,740,마녀,김다미,영민하다
493,영민하다,188000,9년 전에 코로나를 예언한 영화 [컨테이젼]은 어떻게 만들어졌을까,131479,2020. 3. 19,1427,39,162,컨테이젼,코로나,영민하다
494,영민하다,188000,[파수꾼] 당신이 모르는 숨겨진 비밀,57905,2020. 3. 9,872,13,132,파수꾼,사냥의시간,
495,영민하다,188000,[옥자] 당신이 모르는 숨겨진 비밀 (ENG SUB),83095,2020. 3. 4,1414,23,152,영민하다,옥자,봉준호
496,영민하다,188000,[인셉션] 당신이 모르는 숨겨진 비밀,187936,2020. 1. 29,2695,62,333,영민하다,크리스토퍼놀란,인셉션
497,영민하다,188000,[기생충] 당신이 모르는 숨겨진 비밀 (ENG SUB),1255415,2020. 1. 6,11502,351,860,영민하다,기생충,Parasite
498,영민하다,188000,[8월의 크리스마스] 당신이 모르는 숨겨진 비밀,49642,2019. 12. 28,966,15,138,영민하다,8월의크리스마스,
499,영민하다,188000,[봄날은 간다] 당신이 모르는 숨겨진 비밀,37761,2019. 12. 20,808,8,97,영민하다,봄날은간다,
500,영민하다,188000,[공동경비구역 JSA] 당신이 모르는 숨겨진 비밀,260706,2019. 12. 10,2722,87,379,영민하다,공동경비구역JSA,
501,우도훈DoHun,132000,"그 시절에 시청률 55%까지 나왔던 엄청난 드라마 야인시대ost ""야인""부르다 화가 났ㄷ...",7454,2020. 7. 8,95,4,18,야인시대,야인,강성
502,우도훈DoHun,132000,"""거북이 - 비행기"" 원키로 혼자 다 불러보라구요 ...? (랩만이라도 부탁해)",11265,2020. 7. 3,265,1,29,거북이,비행기,
503,우도훈DoHun,132000,어려운 노랜데..이 형 진짜 강력하다 디셈버(December) - 돌아올순 없나요,4508,2020. 7. 1,86,0,9,디셈버,돌아올순없나요,December
504,우도훈DoHun,132000,친구와 정신나가서 부르는 짭쌍부르쓰(Faet.킴라그램)ㅋㅋㅋㅋㅋ,1884,2020. 7. 1,32,1,7,리쌍부르쓰,리쌍,
505,우도훈DoHun,132000,홍창우 - 돌아오지마(feat. 동주) cover . Woo Hyun Sik,2578,2020. 6. 30,87,0,19,홍창우,동주,돌아오지마
506,우도훈DoHun,132000,강철성대..! 유튜버 형님이랑 같이 MC THE MAX - 처음처럼,7075,2020. 6. 28,130,4,16,,,
507,우도훈DoHun,132000,우와ㅋㅋ이 형님 성대가 강철이다.. 허각 - 흔한이별,7056,2020. 6. 27,101,2,15,,,
508,우도훈DoHun,132000,친구불러서 2005년 추억곡 I Love U Oh Thank U (Feat. 김태우) 15년만에 불러보기,4530,2020. 6. 26,73,3,14,김태우,I,추억곡
509,우도훈DoHun,132000,이 노래를 들으니 마음이 따뜻해졌어요 (슬기로운의사생활OST) 조정석 - 아로하,4155,2020. 6. 25,92,1,9,,,
510,우도훈DoHun,132000,신나한테 추천받았었는데 노래 진짜 좋다.. 이준호 -퇴근버스,6180,2020. 6. 18,94,2,16,이준호,퇴근버스,
511,우도훈DoHun,132000,신나&현식 이제는 정말 가끔 부르는 (MC THE MAX) 엠씨더맥스 - 행복하지 말아요,10610,2020. 6. 16,189,3,30,엠씨더맥스,행복하지말아요,이수
512,우도훈DoHun,132000,한 번쯤 생각하는 20살때로 돌아가고 싶다.. 버즈 - 비망록,2971,2020. 6. 10,64,0,9,버즈,비망록,
513,우도훈DoHun,132000,이번 애드리브는 더 높아졌네?..오랜만에 신곡 불러보기!! 황인욱 - 취했나봐,20305,2020. 6. 6,290,8,37,취했나봐,황인욱,
514,우도훈DoHun,132000,먼데이 키즈 (Monday Kiz) 켄 (KEN) - 견뎌야 하는 우리에게 COVER . HyunSik Sang Min,5441,2020. 5. 29,114,4,22,견뎌야하는우리에게,먼데이키즈,이진성
515,우도훈DoHun,132000,"""우현식2019년 엠씨더맥스 Top3 노래모음 One Love어디에도잠시만안녕""",7110,2020. 5. 13,131,2,27,엠씨더맥스,MCTHEMAX,이수
516,우도훈DoHun,132000,"남자가 사랑할때ㅠㅠ 부르다가 진짜 울뻔 ""하동균 - 그녀를 사랑해줘요""",11302,2020. 5. 12,180,6,27,그녀를사랑해줘요,하동균,
517,우도훈DoHun,132000,"하늘 끝에서 흘린 눈물 원곡자주니퍼님께서 오셨다..!! ""주니퍼님의 신청곡 하늘 끝에서 흘린 눈물""",6469,2020. 5. 11,118,2,19,하늘끝에서흘린눈물,주니퍼,
518,우도훈DoHun,132000,"""남자는 원키로 절대 부르면 안됩니다 노래 진짜 좋다..신청곡으로 이예준 - 미친소리""",35833,2020. 5. 9,312,10,54,미친소리,이예준,
519,우도훈DoHun,132000,"이태원클라쓰 또 했으면 좋겠다..OST가 다 좋아 ""김필 - 그때 그 아인""",6762,2020. 5. 8,109,2,13,그때그아인,김필,이태원클라쓰
520,우도훈DoHun,132000,"""누가 신청했어 반만? 반만을 반만"" 불러드릴게요 하다가 망했네 피할 방법이 없다..",42810,2020. 5. 6,527,11,66,반만,진민호,
521,Basick TV,127000,지금 가장 핫한 미국 힙합곡 커버 해봤습니다 ! Jack Harlow - WHATS POPPIN feat. Dababy Tory Lanez & Lil Wayne (Cover),27387,2020. 7. 29,1503,4,296,베이식,WHATSPOPPIN,JACKHARLOW
522,Basick TV,127000,슬리피에게 딱걸린 2번의 개인주의 (가짜 사나이 2화 리뷰),99904,2020. 7. 28,2220,13,757,베이식,가짜사나이,슬리피
523,Basick TV,127000,진짜 사나이와 하는 가짜 사나이 1화 리뷰,274833,2020. 7. 25,6298,62,822,베이식,가짜사나이,슬리피
524,Basick TV,127000,(가짜사나이 OST) 베이식 - 촛됐다 Official Lyric Video,644431,2020. 7. 22,17808,113,1864,가짜사나이,베이식,촛됐다
525,Basick TV,127000,가짜사나이 첫인상 랩으로 해봤습니다 (제목: 촛됐다),1306534,2020. 7. 18,32556,286,3764,베이식,가짜사나이,촛됐다
526,Basick TV,127000,붐뱁의 전설 Nas - It Ain`t Hard To Tell 커버 해봤습니다,121086,2020. 7. 11,2564,17,652,베이식,NAS,Itainthardtotell
527,Basick TV,127000,베이식 x 조광일 - 정리해고,256797,2020. 7. 3,5723,45,1090,베이식,조광일,정리해고
528,Basick TV,127000,[베이식 TV] 조광일 - 곡예사 커버,759935,2020. 6. 27,14106,170,1694,조광일,베이식,곡예사
529,Basick TV,127000,류정란씨의 400자 챌린지 쉽네요(미공개곡 공개),82446,2020. 6. 20,2376,16,390,,,
530,Basick TV,127000,오퇴물(래원 맞디스),318335,2020. 6. 10,3446,43,548,래원,베이식,맞디스
531,Basick TV,127000,Eminem godzilla 커버하기 참 쉽죠? (1.1배속까지),77715,2020. 6. 3,1384,12,213,EMINEM,GODZILLA,BASICK
532,Basick TV,127000,쇼미더머니 우승자가 깡 비트에 랩을 하면 어떨까? (깡 리믹스),333315,2020. 5. 22,6571,83,931,,,
533,Basick TV,127000,래원이가 버벌진트형 디스해서 혼내고 사과시켰습니다 (해바라기 REMIX),430532,2020. 5. 19,5050,61,696,베이식,래원,해바라기
534,Basick TV,127000,119 REMIX 혼자서 한번에 처음부터 끝까지 다 불러봤습니다,1127858,2020. 5. 14,21553,311,2891,BASICK,119REMIX,혼자부르기
535,Basick TV,127000,자가격리송 feat G2 (Bored In The House REMIX) #quarantinechallenge,27099,2020. 5. 5,708,3,124,,,
536,Basick TV,127000,EXID의 LE랑 동물의 숲 나비보벳따우 비트에 랩 해봤습니다,138057,2020. 4. 28,3276,28,438,LE,베이식TV,나비보벳따우
537,Basick TV,127000,Korean Rapper`s NF - The Search (cover),19659,2020. 4. 20,589,7,138,NF,Basick,TheSearch
538,Basick TV,127000,베이식이 저스틴 비버의 Yummy 비트에 랩을 한다면? Justin Bieber - Yummy (Remix),16582,2020. 4. 11,392,5,106,,,
539,Basick TV,127000,응 프리스타일에 베이식이 랩을 한다면? (EUNG FREESTYLE REMIX Prod by GroovyRoom),214359,2020. 4. 5,5541,67,649,베이식TV,응프리스타일,그루비룸
540,Basick TV,127000,한국 힙합 전설의 레전드 무브먼트 3 혼자 부르기! 윤미래 누나 파트 미쳤다ㄷㄷ,20194,2020. 3. 27,523,2,128,베이식TV,movement3,무브먼트3